"FSC-A","SSC-A","Alexa Fluor 700-A :: GranzymeB","BUV396-A :: CD45RB","BUV737-A :: CD27","BV510-A :: CD3e","BV605-A :: CTLA4","BV650-A :: PDL1","BV711-A :: CD25","BV786-A :: TBET","FITC-A :: CD86","PE ( 561 )-A :: Nur77","PE-Cy7-A :: CD54","PerCP-Cy5-5-A :: IRF4"
212,136,243,358,382,398,476,348,327,290,299,240,229,285
233,137,249,352,331,400,484,394,290,280,312,253,235,307
276,301,265,394,413,469,549,431,397,359,356,260,235,306
427,331,410,520,652,587,654,605,677,602,462,311,257,516
182,87,243,300,318,341,424,295,270,252,281,248,235,253
194,118,240,321,311,366,501,280,257,258,301,267,233,264
167,370,344,369,621,443,576,514,596,502,304,278,247,422
181,133,257,323,476,385,503,356,367,314,290,253,230,282
373,380,421,480,683,561,661,613,696,606,439,288,248,496
134,147,251,308,333,331,400,344,318,276,276,254,239,276
173,214,246,348,305,401,428,317,315,277,304,253,232,262
193,272,267,381,380,429,453,432,418,361,332,259,234,311
205,211,279,335,542,420,552,445,455,352,310,254,242,372
392,450,366,472,658,541,625,546,570,479,404,286,252,440
422,402,403,519,649,578,659,590,665,585,457,284,256,485
273,483,438,468,698,571,672,658,725,644,438,286,263,555
271,186,258,387,471,482,550,375,431,376,358,244,236,316
152,83,233,291,301,292,410,267,256,229,249,234,234,209
520,465,387,558,660,610,689,623,674,588,491,321,252,471
124,151,244,281,433,350,444,327,316,280,258,249,230,254
199,143,244,346,421,409,544,370,342,273,301,260,233,283
189,113,240,292,232,329,381,293,241,244,259,236,234,258
574,722,411,545,677,617,691,632,697,614,483,336,264,529
166,134,237,302,277,328,445,302,273,249,273,246,234,270
188,174,234,316,298,384,464,300,254,256,298,257,234,275
156,102,233,300,190,301,403,253,267,238,266,255,233,279
598,512,349,580,635,635,710,604,636,537,512,303,248,456
561,423,387,523,649,597,664,593,669,579,469,291,250,502
539,433,300,478,551,548,653,521,549,460,433,292,235,430
215,107,247,331,351,363,493,318,292,265,294,257,238,295
232,119,235,325,295,400,524,330,264,271,296,237,230,278
294,243,254,417,379,490,591,456,378,322,374,262,240,339
143,94,233,291,264,327,480,240,270,246,258,246,230,270
116,220,244,364,343,397,538,358,328,281,311,255,237,268
330,236,307,467,566,531,637,510,525,454,411,280,246,396
214,136,240,329,340,376,496,331,295,271,300,250,239,253
215,177,240,337,272,392,422,348,256,248,300,261,230,259
504,414,368,514,649,585,656,600,671,594,450,293,244,482
237,198,274,393,450,469,547,403,443,366,334,273,238,332
202,106,233,313,293,346,346,273,272,253,302,241,235,259
402,348,345,503,619,572,645,566,624,537,447,285,252,437
190,327,446,470,693,613,666,636,710,630,488,305,254,532
217,72,238,287,303,328,408,270,258,233,298,239,228,253
126,100,234,273,361,293,239,305,263,250,247,237,236,261
189,77,235,328,340,365,396,351,245,244,289,242,229,276
277,320,388,498,634,572,650,598,674,592,442,304,254,505
259,179,238,377,331,440,548,377,279,242,332,247,233,298
188,152,242,310,310,366,394,287,305,262,270,250,237,260
293,288,261,398,407,480,574,446,406,331,380,268,239,309
176,116,247,319,392,377,410,310,310,273,286,246,233,258
250,168,267,388,472,474,566,463,471,377,361,241,237,343
405,272,366,470,637,556,649,596,672,582,425,265,254,469
189,178,241,323,354,377,472,328,299,253,279,249,234,278
166,102,237,309,326,363,449,285,272,244,282,241,231,269
174,142,251,303,376,348,433,336,324,271,290,251,242,280
149,127,234,276,301,323,301,317,296,246,272,243,233,269
175,97,235,303,300,373,450,274,259,253,265,248,234,254
210,86,238,330,267,381,466,248,261,232,281,266,230,234
190,188,269,339,503,399,513,401,443,346,307,253,239,308
285,161,243,376,339,431,551,356,294,273,333,255,234,297
367,358,292,429,525,494,581,468,529,440,362,275,244,349
539,378,389,502,664,593,676,612,690,602,478,286,255,505
184,205,281,365,521,428,555,407,403,336,311,269,236,284
293,265,362,496,600,567,645,575,630,544,444,300,245,405
165,140,256,301,441,332,447,369,356,281,272,240,236,289
178,88,237,310,260,337,439,235,249,239,274,246,235,235
328,218,299,474,492,542,619,505,535,443,420,307,245,387
132,192,249,258,453,368,545,347,363,295,325,256,239,343
197,77,241,294,292,336,386,259,262,229,270,233,224,248
229,233,275,393,524,452,567,368,435,336,325,279,247,343
284,261,263,391,467,453,547,376,388,322,333,262,239,317
177,94,237,306,266,371,381,278,268,242,290,243,234,246
217,93,237,318,295,368,360,261,254,241,278,232,234,280
278,169,259,404,399,475,557,438,377,319,357,280,240,324
146,136,258,295,449,325,378,327,356,300,263,248,232,269
226,109,244,357,337,398,510,313,285,261,304,251,235,281
211,70,236,301,256,393,494,279,257,246,297,239,238,237
372,398,394,520,635,579,655,582,663,587,457,298,256,480
257,409,301,431,586,514,605,491,522,446,391,279,239,393
204,103,235,311,307,349,503,285,265,249,283,254,232,251
287,307,339,423,568,472,563,501,609,523,336,289,242,354
222,111,259,339,394,408,523,358,396,308,303,246,238,307
183,81,237,276,268,312,403,268,253,244,254,238,231,221
314,489,384,471,668,571,648,608,674,591,450,303,251,479
139,218,257,354,470,427,552,397,448,359,315,246,242,343
133,72,240,281,269,304,398,195,250,251,262,245,232,252
352,257,353,473,616,539,612,574,641,564,396,282,244,426
132,116,238,284,294,311,243,268,293,271,272,249,232,260
91,174,272,389,509,473,588,475,395,326,360,266,242,361
354,333,409,478,681,551,634,614,702,617,420,289,243,513
189,74,239,319,293,373,523,296,290,267,283,249,231,274
206,101,243,338,278,392,451,339,279,264,288,237,239,251
207,88,237,315,314,358,426,301,280,241,276,239,237,231
327,194,254,400,427,468,582,417,448,349,354,259,232,315
215,80,239,323,302,358,463,322,256,263,295,248,235,302
172,256,271,350,421,433,569,357,396,326,323,261,240,328
353,352,284,459,532,547,635,517,526,431,409,299,244,394
253,172,246,393,359,448,534,385,303,278,339,254,238,287
246,158,238,350,345,427,518,326,286,255,305,265,235,293
136,187,263,314,441,357,430,347,361,314,280,254,236,272
173,88,238,310,281,353,462,289,272,254,276,246,237,244
453,333,449,509,691,558,649,622,709,637,434,284,257,512
482,594,517,533,755,615,689,698,785,707,486,290,268,599
333,278,429,454,671,540,629,605,696,620,412,293,262,501
136,106,243,304,295,341,379,280,253,254,268,239,232,248
545,434,417,538,688,606,687,629,702,621,479,310,255,528
348,239,395,464,615,530,601,579,664,587,404,298,245,450
279,253,278,407,485,507,593,442,473,344,380,262,236,352
293,161,258,411,414,484,547,395,380,321,357,257,235,294
184,114,235,323,285,345,435,350,266,258,277,253,234,262
208,94,239,299,275,353,353,272,274,226,293,228,232,271
179,79,239,316,296,378,460,321,268,259,287,234,238,273
284,184,253,408,332,463,584,349,309,263,336,262,236,306
269,185,267,388,426,475,555,445,429,352,350,265,238,313
170,250,312,384,562,461,581,461,491,395,330,274,239,337
194,285,306,377,571,437,565,494,576,491,343,249,237,384
399,390,443,492,659,561,661,612,704,632,433,290,251,502
231,152,246,395,352,431,550,392,355,288,325,278,240,274
151,135,255,294,381,360,503,304,310,276,291,230,244,296
156,145,242,319,314,345,430,296,270,247,281,245,230,265
293,560,413,476,684,570,687,635,678,607,439,324,265,523
279,343,313,424,564,494,545,507,575,494,362,284,235,402
220,129,241,368,316,420,475,358,280,242,329,254,236,286
212,74,238,302,364,349,494,334,268,247,283,244,234,291
192,80,238,323,337,366,440,319,264,240,288,252,235,258
160,108,234,301,334,371,483,333,321,264,298,242,232,279
155,87,232,277,265,314,407,359,280,241,266,237,238,262
510,563,409,514,655,595,657,607,680,599,461,317,254,483
275,100,243,345,279,402,498,363,281,255,325,247,229,256
299,254,273,430,470,481,584,430,416,348,358,280,248,328
276,171,246,357,340,412,518,272,325,266,315,235,230,294
204,75,237,297,254,357,445,242,259,237,273,240,236,290
449,393,417,531,686,609,679,634,698,623,483,322,255,534
154,260,278,336,521,432,561,443,444,370,307,277,239,362
345,340,300,466,512,533,619,490,523,427,407,285,244,345
175,133,264,333,433,384,477,366,392,346,320,257,244,302
199,139,252,301,352,421,616,444,335,295,347,279,243,387
525,528,437,551,692,625,711,636,711,631,497,322,258,549
176,295,279,371,521,493,590,504,464,374,365,264,246,378
326,210,265,399,451,484,587,446,481,392,366,279,234,364
179,145,237,321,304,349,440,324,254,259,277,256,230,285
144,264,307,351,583,410,559,437,499,406,300,253,238,374
306,595,457,478,697,566,678,634,691,613,440,301,262,532
418,296,396,491,645,559,630,589,679,599,421,307,255,463
208,90,244,297,355,330,494,316,277,265,276,231,234,269
466,391,487,532,732,595,674,674,762,685,459,310,268,584
198,128,245,387,316,444,532,385,311,270,324,246,239,317
188,91,238,326,293,383,517,300,269,227,286,248,232,281
366,233,294,463,569,522,607,532,551,462,400,242,240,397
208,327,312,420,598,495,620,513,569,480,354,269,247,380
462,380,374,491,661,594,669,602,669,577,464,281,246,479
156,217,263,355,437,441,536,407,429,349,322,263,236,319
169,119,239,308,303,395,377,326,288,266,290,245,232,268
158,114,246,323,338,358,488,337,312,270,266,231,232,264
298,462,434,467,686,548,635,617,701,618,401,296,246,521
182,160,260,338,433,355,488,380,395,319,285,256,226,322
171,75,247,286,289,318,423,275,290,269,273,239,238,264
213,291,296,404,543,491,600,479,499,403,373,286,245,346
187,120,233,328,260,335,367,333,221,233,282,240,226,242
243,140,242,369,278,434,555,320,269,247,317,255,235,297
545,407,457,546,682,598,670,623,711,632,469,312,253,502
187,89,233,317,244,346,398,290,251,236,275,234,228,256
124,100,239,325,309,380,477,322,270,255,291,258,235,257
312,371,350,498,618,562,653,577,635,559,439,271,243,454
213,154,247,361,254,422,520,271,297,268,319,269,235,318
245,279,267,420,454,483,609,433,478,379,361,270,235,346
199,62,239,301,301,347,436,339,279,270,288,248,230,233
234,124,237,329,383,390,482,342,264,253,307,245,237,278
227,508,373,428,647,532,656,546,587,500,402,297,257,461
538,678,358,599,617,639,708,594,606,534,519,346,253,499
145,117,240,287,258,305,450,285,278,250,264,249,233,258
335,288,320,442,541,507,614,503,553,471,377,262,253,373
214,110,237,357,298,394,458,317,260,247,302,248,238,293
404,441,352,487,600,566,634,568,634,556,440,293,242,464
202,142,239,332,238,375,487,290,279,244,305,255,236,266
276,283,294,411,531,458,521,485,530,452,335,253,242,322
313,258,285,448,481,533,602,495,503,394,400,270,250,396
193,225,258,338,380,424,559,439,411,311,304,262,241,291
147,128,239,285,341,308,462,282,267,260,273,238,236,257
152,73,233,245,253,246,318,256,242,244,228,238,228,226
195,77,235,293,226,332,375,324,249,234,279,247,229,256
210,150,252,351,331,382,474,315,280,258,293,236,229,281
211,131,244,353,304,395,484,351,280,237,306,253,232,247
376,262,342,493,587,573,643,537,607,527,429,261,235,426
176,193,265,322,457,398,553,373,394,317,300,252,232,256
291,191,358,458,618,535,584,540,636,548,388,293,245,446
270,523,440,495,700,546,661,563,620,531,412,296,256,498
344,630,393,489,665,555,668,570,587,494,428,325,254,457
180,62,234,279,251,303,351,227,271,247,254,237,236,251
190,78,238,307,255,353,463,241,242,241,289,253,236,272
431,434,327,503,568,592,661,537,569,485,466,301,240,450
212,94,241,322,251,355,460,292,269,250,274,252,237,265
346,233,387,437,644,514,597,588,676,594,370,265,248,476
440,684,387,513,659,579,668,606,666,585,441,327,257,484
213,499,513,416,770,508,583,700,802,721,363,273,262,600
216,97,239,316,251,369,395,311,252,235,290,249,232,271
146,114,236,300,325,313,451,241,257,241,273,253,232,297
381,550,369,498,644,572,663,597,672,579,452,272,245,483
291,298,287,432,484,523,596,479,509,413,405,302,244,351
201,129,260,339,450,361,508,363,334,295,295,257,234,273
218,204,294,360,567,425,518,428,461,373,328,259,240,384
212,80,233,296,221,332,431,282,253,255,277,249,236,247
196,105,239,308,334,404,523,402,278,255,299,255,246,294
338,574,355,503,616,578,662,573,599,525,443,306,253,439
204,96,238,306,220,364,459,321,251,238,282,238,235,253
178,74,240,311,242,320,407,256,283,263,274,234,234,263
563,308,257,461,433,525,609,466,400,325,383,273,242,334
204,86,236,299,245,357,419,244,280,261,274,247,229,268
197,88,235,282,334,305,443,283,264,235,265,248,236,244
486,428,372,530,621,600,665,585,647,562,477,335,244,474
390,320,353,502,635,573,649,577,645,555,437,277,246,413
309,251,337,457,563,506,613,534,604,513,376,257,243,416
140,144,242,294,329,330,482,271,318,268,278,242,231,300
189,60,241,304,251,363,346,259,238,257,277,239,238,251
192,86,239,332,289,371,435,277,258,240,288,237,234,255
227,255,267,398,455,480,573,434,472,381,358,276,238,341
209,70,238,305,338,385,488,363,270,260,293,242,233,273
207,85,241,306,267,347,445,303,273,270,287,243,233,259
132,117,243,292,322,337,451,298,312,257,263,240,231,273
201,130,245,326,343,383,508,391,295,256,296,256,233,314
169,134,245,338,363,374,431,325,328,287,288,243,231,252
166,79,242,288,285,324,435,312,311,272,268,239,234,246
190,203,265,340,444,411,552,408,410,339,310,248,233,324
183,79,231,287,280,289,193,321,254,242,280,230,233,274
186,101,241,307,238,352,447,252,270,252,288,242,227,260
259,199,241,366,365,449,506,328,270,256,325,255,231,306
362,248,336,426,619,516,597,558,646,561,384,251,239,447
375,288,425,450,672,544,620,620,707,629,425,296,255,516
346,315,339,453,611,534,617,554,637,555,404,277,246,449
403,260,319,464,572,559,643,537,580,484,418,266,241,406
167,94,241,277,253,310,452,279,278,252,256,236,233,271
110,173,253,338,368,430,552,396,325,299,325,267,247,301
191,152,252,350,383,409,502,352,343,294,313,249,236,280
468,487,398,530,689,607,697,608,663,573,479,291,262,498
495,466,431,554,679,614,688,636,694,619,492,310,250,503
197,54,234,307,289,327,430,268,260,268,272,247,231,242
464,499,416,528,692,611,691,637,710,626,487,298,255,523
495,609,424,570,676,624,708,622,679,592,499,335,259,521
166,122,241,280,334,323,390,362,270,246,275,243,231,281
212,119,235,330,301,401,449,278,278,252,297,252,227,264
374,379,472,517,709,595,683,656,732,654,467,299,258,548
143,208,270,295,466,461,619,519,474,375,359,279,248,436
449,410,395,506,661,601,682,622,689,605,474,277,252,483
188,65,243,295,284,339,434,253,255,248,287,238,235,265
237,280,248,417,395,468,527,382,387,298,331,257,231,281
143,103,244,286,335,369,420,343,307,278,281,243,235,283
167,134,244,285,324,348,402,378,301,273,289,225,236,261
168,137,262,305,445,396,538,378,374,315,301,268,242,308
227,298,271,408,466,491,574,470,482,379,356,266,244,375
236,149,237,338,314,426,505,339,254,216,302,228,225,248
288,386,362,456,592,502,615,546,632,557,371,286,241,412
229,239,326,402,530,602,761,650,481,443,534,390,345,576
376,521,475,523,711,602,678,676,750,673,462,312,270,556
273,223,357,434,594,513,603,553,630,548,390,273,243,391
396,254,303,496,579,609,694,593,595,504,476,293,253,462
232,141,244,377,366,420,491,410,281,252,310,271,233,332
207,237,262,371,412,450,510,361,458,369,325,262,241,314
171,75,233,324,297,378,489,301,264,248,294,265,234,266
187,189,259,352,426,393,522,403,417,317,301,247,232,280
216,93,239,318,282,358,489,247,252,238,289,244,231,283
166,62,238,296,273,308,248,286,279,245,264,234,236,229
143,95,238,298,348,325,435,298,288,274,265,238,239,261
341,321,429,464,701,554,641,633,728,646,424,295,256,533
158,160,243,295,380,353,374,347,319,278,283,248,237,304
168,81,253,297,326,344,481,292,381,300,274,236,232,270
196,119,247,347,422,379,509,373,345,288,298,247,231,263
361,328,286,496,507,545,630,485,489,395,424,294,244,388
200,70,243,294,270,335,261,273,250,240,266,247,230,277
132,89,233,291,268,333,292,222,278,241,262,226,231,268
197,110,233,320,255,364,500,250,257,242,306,246,236,250
224,432,348,461,600,474,587,525,619,543,343,266,241,449
299,188,239,366,275,448,561,387,300,251,323,249,234,300
419,401,285,488,536,603,709,591,451,381,488,343,259,479
404,354,305,476,549,534,616,509,573,489,393,272,240,427
492,498,379,508,665,593,659,610,688,608,470,307,255,511
233,377,279,438,479,473,560,431,459,377,347,285,241,342
139,246,251,288,401,395,450,378,357,313,300,261,239,286
166,171,275,330,502,387,500,339,401,308,295,249,232,304
176,196,273,377,445,422,514,426,429,348,313,256,240,334
151,106,235,293,276,338,442,309,269,247,259,235,230,235
178,241,261,360,431,416,545,396,367,302,319,260,234,286
392,302,359,472,628,555,620,576,644,566,409,256,245,439
138,93,247,293,360,301,357,292,284,253,246,250,231,235
132,344,297,381,582,450,514,479,538,453,343,276,246,377
210,275,274,415,469,462,564,394,400,326,318,260,238,294
372,284,348,469,629,528,632,570,656,571,395,275,249,476
266,181,284,363,473,454,554,476,492,399,328,256,237,353
194,246,311,389,538,467,593,482,508,411,340,265,241,374
350,261,261,439,432,542,631,465,411,331,409,261,240,365
157,75,240,280,218,295,257,330,272,237,253,247,229,253
257,364,341,403,590,511,606,527,591,511,371,291,250,420
361,235,353,403,603,542,624,569,645,559,423,270,250,474
178,122,258,311,437,397,514,329,368,293,293,242,239,287
309,238,365,458,638,546,626,594,669,585,413,302,252,464
421,306,340,489,610,577,647,578,634,550,442,309,247,429
225,170,263,345,479,414,538,383,410,331,305,254,240,298
221,196,271,357,508,424,527,404,471,374,329,255,242,356
159,107,237,320,243,372,379,295,273,247,280,248,232,289
182,232,267,350,454,428,538,377,371,307,296,270,234,315
359,230,382,481,636,542,619,587,669,585,422,286,244,472
201,173,245,346,362,399,495,296,328,275,304,248,234,307
216,531,506,503,726,577,676,681,757,682,465,328,284,575
181,60,235,312,259,329,340,277,252,232,269,240,234,258
123,81,243,274,329,314,372,294,275,253,271,233,232,240
201,66,237,314,213,330,359,349,254,228,284,251,231,267
116,262,251,389,449,452,536,451,353,308,333,276,241,316
203,97,240,317,284,377,431,335,298,248,294,263,234,259
194,96,241,287,318,352,337,272,285,238,284,249,227,264
411,454,409,532,666,600,694,608,670,577,473,320,262,498
232,303,328,446,594,470,570,521,585,488,348,277,245,387
303,164,239,389,325,467,561,357,287,276,347,275,236,287
335,226,256,413,367,488,581,423,345,301,356,264,240,331
226,224,252,346,415,420,512,338,365,299,330,242,232,294
287,409,271,420,508,507,603,475,495,398,373,270,238,386
560,501,406,555,655,620,694,630,687,604,497,321,256,513
191,128,234,301,279,363,477,292,246,244,273,233,232,243
167,161,239,306,326,390,487,377,258,247,302,257,235,281
370,637,390,507,653,580,665,589,620,530,452,348,256,489
233,134,242,370,345,418,536,311,273,263,307,251,230,286
190,87,234,316,287,368,459,275,264,250,301,241,239,268
188,151,247,329,367,410,528,376,305,264,304,241,240,308
347,189,248,411,315,463,544,337,310,277,342,246,233,270
331,364,419,499,666,556,633,589,692,612,428,304,249,504
261,271,338,376,592,464,565,539,624,532,334,255,242,412
385,388,355,477,626,556,624,571,651,567,414,294,246,440
247,158,252,368,426,415,486,352,331,280,327,253,241,249
196,78,232,281,249,333,384,255,248,256,271,245,236,248
308,239,294,407,539,495,603,495,571,474,366,250,240,386
369,259,262,426,409,491,575,396,363,296,366,274,238,364
171,98,228,298,265,320,439,274,255,220,270,236,230,235
159,106,238,287,307,311,426,274,275,253,265,236,229,264
174,87,241,300,301,333,403,294,268,244,268,246,236,281
189,196,269,344,449,379,457,383,416,332,301,250,238,330
172,253,281,372,538,421,555,432,440,361,310,273,233,342
216,96,241,329,328,379,479,307,297,249,296,231,235,258
193,93,240,319,300,361,461,313,267,256,282,250,229,242
287,270,372,427,650,497,573,566,641,556,371,282,251,461
180,78,234,286,256,344,446,284,261,237,292,257,236,222
215,170,244,324,324,388,499,344,333,280,300,266,236,300
181,216,266,340,492,386,502,416,423,353,314,255,241,366
137,260,258,284,440,416,506,404,473,356,315,246,237,289
203,85,232,318,268,368,405,306,286,244,269,237,235,272
183,69,238,309,244,369,447,295,256,237,286,246,238,219
195,53,237,289,261,313,398,318,278,254,271,224,233,283
173,152,254,332,395,359,478,311,401,312,280,234,236,281
179,63,238,303,268,292,448,328,280,234,264,244,227,283
173,132,254,320,426,377,516,406,386,300,300,258,237,295
159,158,242,320,311,362,437,312,299,274,275,243,231,318
352,465,318,492,600,562,632,536,598,508,431,276,237,424
185,106,232,306,329,354,411,299,274,248,276,267,241,283
257,166,251,391,415,444,574,391,360,311,339,256,230,293
173,207,277,364,489,439,540,384,481,389,324,249,241,372
205,245,273,393,465,449,525,454,410,343,311,259,234,334
221,88,238,326,339,381,399,306,256,259,292,247,232,258
181,72,240,316,310,369,420,310,280,254,269,242,233,258
368,207,292,425,543,525,591,486,545,449,398,264,233,417
193,122,243,331,389,359,494,372,323,282,284,244,238,278
287,236,275,437,457,509,597,471,426,343,396,289,241,353
247,182,242,363,343,440,494,376,315,272,320,265,232,272
158,79,230,284,310,351,434,284,260,250,269,238,238,263
246,125,247,331,356,412,463,386,349,289,310,261,240,298
228,138,238,392,274,424,517,261,278,252,332,266,235,309
170,312,265,378,477,440,525,395,379,294,316,262,239,341
384,457,383,523,661,601,700,611,676,589,480,305,244,501
148,103,241,311,283,341,432,239,278,259,264,241,228,244
169,147,238,331,225,381,495,280,278,238,304,253,234,239
221,117,246,389,349,417,498,327,267,247,307,269,234,266
263,278,246,411,396,463,559,427,319,292,336,264,237,282
358,233,408,452,667,530,610,592,686,609,399,285,244,477
348,321,369,430,611,538,623,561,642,559,410,283,246,467
171,96,237,313,305,365,482,321,234,243,273,242,238,240
151,203,248,340,364,434,509,391,323,279,309,255,241,279
391,330,266,406,418,516,654,510,368,326,400,316,258,414
200,119,243,327,358,363,427,294,245,245,281,240,235,284
166,59,245,304,310,308,456,299,291,264,268,230,233,244
164,230,286,345,520,417,507,444,462,351,307,245,241,346
327,349,369,468,623,541,634,554,635,562,429,296,242,445
158,105,244,316,289,353,376,335,274,258,274,247,240,244
162,76,236,297,222,383,457,319,266,250,280,244,234,275
369,224,251,445,360,506,619,382,337,281,367,268,238,323
182,174,245,334,391,425,515,327,329,286,289,248,233,299
307,322,335,484,598,547,634,574,628,535,429,291,255,451
392,278,382,465,651,550,633,595,668,583,420,280,253,487
319,353,334,432,607,495,564,511,607,517,370,279,239,416
384,364,255,443,422,521,649,494,366,320,394,295,243,418
143,112,246,291,364,343,387,308,323,275,287,231,231,269
226,72,243,321,345,387,456,302,294,259,295,251,235,295
180,228,252,329,355,439,549,370,343,275,310,277,234,297
483,347,383,524,639,596,658,583,655,570,458,283,244,484
262,230,294,392,518,461,527,452,526,438,314,254,243,355
402,274,422,481,676,549,618,612,703,626,414,282,253,517
250,246,273,401,505,492,580,462,505,403,351,255,237,342
207,91,235,325,317,364,521,345,271,256,291,237,235,266
573,614,398,546,643,619,692,603,650,575,495,343,264,498
426,692,326,529,606,601,691,577,588,517,465,332,249,457
271,124,250,330,304,415,551,314,286,247,308,245,230,277
162,76,235,266,273,324,459,332,270,261,258,251,234,257
194,52,237,294,286,332,399,265,261,245,277,229,228,248
130,82,239,297,327,316,374,286,285,256,270,227,237,265
144,85,233,289,306,314,398,331,255,240,269,232,231,251
293,450,383,486,651,567,656,572,644,569,438,294,254,474
395,303,294,476,536,558,646,509,544,440,436,300,237,429
185,157,254,371,361,401,470,365,340,306,306,263,232,303
175,191,265,348,435,383,487,384,370,321,291,256,234,284
209,102,236,333,274,386,426,289,249,242,289,239,226,286
465,377,262,533,503,628,729,571,436,361,499,309,254,466
231,172,239,338,338,394,481,386,282,258,312,251,236,263
152,110,239,301,334,355,446,280,274,243,281,241,235,262
165,161,243,293,407,347,517,364,312,269,270,220,230,266
182,76,233,299,225,350,325,265,239,244,280,243,232,231
596,668,347,495,611,601,700,594,591,508,494,333,253,462
183,186,243,362,364,431,543,348,318,267,315,259,232,299
114,160,251,348,450,357,443,380,346,294,301,243,238,284
205,177,241,321,284,338,492,275,309,282,279,261,237,270
146,107,234,275,286,339,437,272,261,232,273,235,234,269
185,410,297,447,557,509,596,503,539,440,362,286,243,414
327,348,394,480,680,538,611,592,678,591,412,283,249,490
203,79,247,317,218,377,469,316,245,232,288,243,229,279
193,240,237,407,318,471,566,361,302,268,337,245,234,292
228,162,243,329,385,411,563,408,312,283,314,250,240,277
460,468,381,506,673,598,680,594,674,585,468,328,251,513
132,206,271,308,468,346,497,383,399,304,277,241,231,281
187,83,242,329,366,390,480,356,323,289,288,255,231,274
255,137,261,384,444,449,559,435,417,338,347,264,237,302
212,122,232,349,268,393,423,351,277,237,299,235,235,290
210,69,238,310,386,359,401,322,245,242,301,245,236,273
417,381,349,512,595,577,659,533,593,501,460,285,250,451
253,474,416,436,668,523,622,622,688,610,398,284,253,505
230,183,250,394,404,428,539,394,398,320,339,260,237,270
388,291,259,413,442,460,545,425,386,307,339,262,237,310
136,70,233,292,296,328,432,269,267,251,266,249,233,296
187,75,234,299,268,359,437,287,256,242,277,232,227,260
208,124,230,313,330,368,462,309,244,238,260,224,230,264
286,229,241,383,286,464,523,410,287,259,334,256,237,269
193,76,237,293,295,344,518,347,267,232,288,240,234,268
160,154,241,326,333,350,413,341,307,275,285,258,234,257
145,121,241,281,311,351,499,292,281,250,274,247,237,289
210,442,325,442,578,489,630,526,521,426,373,289,243,368
436,338,320,456,586,635,690,552,607,514,516,299,249,463
262,356,278,422,521,479,568,473,509,402,364,279,242,369
454,528,374,506,649,583,659,603,666,577,450,296,250,476
252,129,244,367,396,433,560,379,333,294,328,250,239,273
202,99,251,311,387,375,514,370,358,274,295,264,232,278
237,361,362,485,623,558,615,580,650,557,423,272,252,439
206,116,239,319,303,393,506,351,269,248,288,251,233,277
196,68,235,295,277,355,497,343,259,244,284,245,233,270
382,464,401,493,640,583,656,594,658,573,449,277,246,473
138,129,248,308,379,325,479,306,337,285,266,235,231,285
197,235,303,398,539,475,580,481,472,372,375,260,249,368
262,259,266,363,417,459,551,426,417,344,328,250,243,326
355,397,435,465,685,562,645,624,703,627,409,284,249,511
227,77,235,333,292,390,514,330,251,240,296,242,231,268
135,61,238,271,249,283,383,304,264,251,267,240,235,234
189,62,238,307,260,335,429,223,255,251,273,235,234,261
146,120,239,301,337,363,474,306,294,277,268,248,235,240
196,171,263,324,466,374,472,365,407,312,298,248,240,315
180,71,232,307,262,375,461,315,252,238,273,266,228,256
324,318,305,463,562,547,646,520,556,458,402,282,241,371
165,261,323,331,621,467,577,558,619,531,316,258,244,454
139,100,236,281,288,353,343,334,270,248,269,246,232,263
227,128,244,371,332,426,494,362,294,241,317,249,239,276
230,108,242,313,299,391,446,272,261,243,304,255,237,282
190,148,262,317,467,381,452,424,452,369,293,237,233,352
427,281,397,494,653,580,664,596,688,601,455,298,247,486
156,91,237,313,344,323,463,291,251,244,267,248,233,227
201,63,239,280,308,293,427,288,264,257,282,229,232,255
232,174,250,370,326,419,501,283,301,283,326,254,236,268
338,451,428,501,661,566,646,620,697,623,430,305,254,512
216,367,253,406,388,452,523,414,374,311,329,253,233,342
177,77,233,295,270,335,427,269,261,245,271,239,234,249
348,632,472,532,739,612,704,666,724,645,488,335,269,568
322,342,320,462,576,520,610,482,530,432,395,298,241,397
186,74,237,283,304,342,449,226,264,241,276,247,234,249
355,314,386,423,637,531,604,589,681,595,394,265,250,492
231,350,309,396,577,515,607,529,573,490,384,270,241,395
200,162,284,348,452,436,551,406,460,381,309,251,238,315
150,180,261,341,441,358,436,408,372,321,291,260,239,300
361,293,303,436,541,508,608,486,534,459,380,266,237,341
123,135,246,328,331,368,451,319,319,279,284,263,235,260
218,131,235,364,342,400,502,309,277,258,315,248,234,292
238,183,252,352,403,408,538,378,360,297,316,258,237,299
367,230,264,433,470,510,620,444,426,329,391,282,229,324
136,79,243,309,248,362,482,267,234,243,285,235,228,275
193,75,240,313,276,351,482,266,265,258,270,238,233,242
370,395,400,496,648,572,643,582,670,589,444,280,256,474
187,122,250,347,399,391,453,338,324,283,301,263,236,289
194,75,236,322,283,337,336,331,263,252,276,236,231,249
174,93,236,300,302,330,409,292,262,249,272,242,235,253
304,272,340,443,603,498,567,537,619,536,375,275,246,436
182,91,241,275,280,309,463,340,242,253,260,241,234,272
127,68,261,275,416,326,464,357,448,363,254,228,235,296
190,73,239,327,271,365,437,292,261,243,290,247,231,276
246,247,258,375,412,418,520,407,360,298,314,267,241,292
319,304,312,454,568,536,630,536,596,504,407,263,240,394
176,233,241,366,304,420,518,387,311,277,299,278,238,305
193,136,240,353,327,396,366,327,256,255,285,253,231,259
192,95,247,317,317,342,433,336,273,247,285,261,234,266
211,74,239,310,286,366,427,284,258,260,291,249,235,287
178,206,285,365,494,481,604,458,481,390,365,275,243,345
421,321,376,498,628,579,655,602,665,571,443,293,239,479
542,465,464,518,711,609,699,642,734,655,472,295,256,543
155,218,249,296,352,353,481,312,296,268,279,236,233,267
330,318,327,470,526,535,619,504,576,481,401,267,240,418
224,222,252,365,385,437,529,409,393,287,321,246,234,306
187,96,239,295,301,356,376,282,278,266,282,235,229,253
227,105,236,332,309,385,432,312,256,238,291,245,231,263
274,359,433,484,700,544,622,629,724,638,416,292,256,542
180,123,247,335,411,378,494,343,323,257,303,242,236,292
191,100,231,323,276,343,487,238,249,247,267,233,236,242
222,151,242,371,331,399,505,350,312,260,288,255,232,288
202,259,267,380,452,448,597,411,414,303,341,276,249,375
327,328,282,455,506,541,631,500,518,406,403,265,238,358
193,364,279,372,536,456,598,458,442,344,362,267,247,316
597,422,467,525,722,608,677,663,753,667,482,289,261,550
156,65,240,273,309,325,270,291,287,268,253,237,228,274
177,65,239,279,264,353,237,318,245,236,264,239,233,264
314,287,285,468,466,556,627,461,503,401,427,268,238,380
180,99,241,306,326,378,430,385,302,270,272,254,231,235
215,97,251,320,366,388,417,330,302,273,295,260,229,283
169,87,232,310,347,323,459,264,302,274,261,251,228,282
170,149,258,312,437,377,429,343,337,313,280,237,235,306
327,245,287,466,489,522,588,474,487,393,378,282,241,365
112,214,297,332,579,444,539,469,490,385,317,253,236,367
175,309,284,370,544,432,465,431,507,418,309,275,231,361
191,70,234,293,291,333,440,290,247,228,274,237,234,306
471,362,407,501,646,569,643,609,681,606,424,299,246,480
191,90,238,302,311,334,493,333,293,264,288,250,240,259
152,70,275,284,492,372,471,430,508,410,299,236,233,284
641,414,395,550,648,626,693,615,670,588,506,301,250,517
226,113,242,331,313,368,416,323,258,258,297,224,233,280
186,123,239,342,310,377,493,338,297,255,295,253,231,249
235,408,254,404,420,477,575,449,398,342,341,279,237,361
322,308,320,453,574,517,628,496,521,423,399,298,249,359
176,276,304,353,567,442,567,492,482,397,330,269,240,362
267,182,243,358,291,458,549,370,293,247,340,250,231,317
404,356,470,493,724,563,664,655,739,659,426,300,259,548
182,351,333,408,612,496,570,515,566,483,362,296,241,429
377,258,314,478,587,562,638,527,581,474,423,298,233,420
172,73,238,291,247,349,477,282,274,245,274,260,236,271
193,116,232,317,293,380,488,329,250,251,298,238,231,305
350,376,367,451,648,549,647,583,631,549,417,281,247,464
364,223,344,454,593,539,614,558,618,528,422,280,247,455
169,65,239,299,280,321,282,277,250,238,259,244,230,271
377,368,492,487,753,582,651,687,773,701,443,299,266,588
276,174,237,401,360,515,624,447,307,265,377,260,239,366
234,142,241,349,330,431,522,300,272,251,306,254,232,259
198,119,509,362,753,479,481,687,792,717,358,266,257,583
194,66,240,307,298,318,470,309,267,233,273,240,232,255
425,439,402,488,658,573,676,607,677,598,444,295,251,481
175,133,243,319,323,358,487,294,285,279,289,245,234,264
173,96,230,326,282,365,416,308,286,260,267,247,230,261
187,85,229,282,277,339,448,239,226,231,252,228,231,237
309,267,276,448,480,523,604,481,484,407,390,268,231,334
175,103,242,311,350,357,449,278,289,260,276,231,227,258
135,132,236,317,299,325,354,307,289,268,277,222,228,250
329,300,294,450,494,536,630,481,527,449,419,277,240,400
206,91,234,316,239,373,393,280,256,223,276,231,237,249
133,145,246,300,312,387,472,320,272,272,271,261,243,268
143,142,255,319,370,383,509,337,350,297,279,254,238,256
160,117,245,311,334,316,443,332,300,264,287,241,235,302
369,370,358,492,634,555,614,574,646,560,435,289,249,427
208,94,245,284,323,351,444,298,270,261,275,251,234,261
209,489,277,469,593,693,821,671,485,406,574,362,296,574
166,90,238,295,284,366,435,260,260,256,271,239,231,256
413,437,376,508,665,578,670,596,641,545,449,326,252,480
311,264,279,396,489,484,568,424,484,392,345,266,237,346
166,74,237,297,315,345,394,250,272,245,262,244,231,261
174,83,238,319,271,371,477,337,269,247,289,250,234,268
162,127,246,328,347,353,478,357,321,275,277,237,233,288
418,357,425,526,671,575,647,621,697,617,444,295,253,503
213,105,240,332,268,360,412,270,258,253,290,246,239,301
219,104,239,316,271,384,458,302,247,239,321,257,232,267
376,249,386,446,643,545,632,593,682,594,419,268,250,471
235,233,286,403,513,475,577,422,442,363,363,281,240,359
168,185,248,330,364,404,494,345,393,311,314,254,241,310
175,84,237,307,249,346,464,301,248,224,267,237,235,256
161,103,232,297,331,330,421,322,288,248,279,255,235,281
129,325,298,421,525,500,621,478,492,398,387,282,244,389
285,187,248,373,362,447,539,333,321,275,330,265,235,334
264,263,465,444,716,553,653,657,749,666,404,271,265,553
149,163,257,317,406,358,506,424,430,346,296,249,238,299
214,94,235,324,284,371,413,299,270,237,289,231,234,218
491,400,354,501,624,597,665,589,643,555,475,302,244,459
118,121,239,323,326,390,445,302,269,234,293,243,231,261
313,226,269,401,486,501,578,475,454,360,382,253,237,368
287,298,358,462,597,521,619,551,624,548,394,264,253,421
216,69,236,315,271,387,408,296,239,250,292,260,236,286
182,86,239,295,277,347,500,307,301,264,260,242,230,256
484,603,430,555,689,628,714,636,699,620,501,305,260,508
209,168,262,323,448,405,487,385,416,335,298,244,229,299
312,238,375,452,632,531,617,556,639,552,402,285,245,431
207,83,245,312,291,347,442,309,272,247,282,257,235,249
158,88,236,313,318,351,374,285,241,251,254,235,229,223
506,406,432,528,678,606,673,630,709,618,465,317,246,515
211,138,237,334,230,376,412,344,251,241,286,255,232,278
481,441,419,518,686,598,686,630,701,623,472,295,259,529
311,246,303,453,594,541,596,511,580,492,392,276,241,397
525,358,524,533,764,609,674,698,788,712,488,298,262,589
210,74,237,314,321,377,427,335,273,251,293,237,234,278
405,698,421,525,654,593,658,608,692,625,447,309,246,512
505,232,244,408,311,472,562,370,300,281,345,267,230,318
254,293,275,406,498,459,515,463,511,429,328,241,239,331
164,81,232,301,259,328,301,309,261,247,268,246,231,255
182,164,253,321,394,394,507,352,378,310,282,244,235,289
433,443,292,495,531,582,662,506,509,409,450,319,238,368
545,501,332,504,609,582,668,562,616,533,456,301,248,429
176,324,276,406,513,470,514,467,479,378,332,254,240,357
534,513,451,546,720,625,695,666,747,668,497,301,254,557
455,435,495,550,719,611,690,661,744,671,475,326,261,541
362,473,418,537,683,602,675,625,691,609,479,323,257,499
213,81,235,327,267,372,451,283,246,243,290,249,234,287
218,387,299,398,601,478,587,505,507,422,360,311,235,380
393,344,430,486,689,554,636,627,717,632,424,277,248,518
454,331,396,504,661,582,649,614,697,613,441,301,251,480
184,127,243,310,348,365,443,338,279,260,270,247,230,252
414,429,453,513,699,592,680,642,715,635,465,302,257,519
168,97,236,285,338,360,392,259,271,239,272,248,237,268
190,91,238,329,292,361,482,273,265,253,269,267,233,263
219,60,234,314,266,372,459,268,254,250,279,249,238,273
220,138,249,347,429,417,425,361,383,300,329,266,239,295
198,74,233,302,321,344,489,358,265,237,273,248,235,265
157,122,252,294,420,371,427,379,355,291,280,238,233,294
586,489,378,534,658,607,679,599,670,585,483,309,250,486
214,107,235,337,315,337,453,279,270,242,291,250,231,258
168,223,256,369,393,408,507,433,401,328,322,266,236,307
129,159,245,312,260,383,495,321,296,287,298,239,240,311
197,95,244,303,349,344,306,322,328,285,273,239,238,290
185,134,241,347,351,387,496,275,268,234,295,257,237,231
220,446,387,451,655,525,612,568,629,547,382,303,249,458
160,76,236,285,293,311,427,274,269,244,260,254,233,248
591,529,429,542,698,618,691,648,722,641,491,309,251,540
151,101,244,320,354,370,471,323,313,260,269,247,233,289
165,218,265,372,455,435,555,422,454,360,310,258,237,351
147,381,310,413,506,526,627,508,477,397,411,291,245,395
412,439,358,500,639,585,661,605,654,566,454,289,240,475
296,236,352,433,592,514,603,534,623,528,378,276,243,382
220,63,239,305,339,380,421,311,265,246,291,265,239,273
522,420,420,531,681,593,675,617,699,622,459,265,250,510
202,78,237,335,275,368,347,308,261,241,294,235,236,233
353,298,336,468,611,568,641,555,632,542,430,280,240,430
282,608,345,472,644,551,659,559,569,473,426,309,251,462
298,237,350,480,611,550,643,568,636,561,424,284,248,418
190,368,320,375,594,451,590,514,532,423,332,263,243,364
169,62,239,304,234,349,403,267,240,230,267,253,234,297
465,405,376,486,642,562,643,598,671,584,435,296,244,475
192,97,244,307,327,363,469,330,306,282,295,247,235,295
461,553,415,551,677,614,678,625,699,614,482,290,253,519
207,408,315,442,544,527,647,530,539,456,408,288,243,433
186,300,275,394,460,464,575,438,440,355,353,262,238,350
298,328,299,455,509,520,611,488,522,429,398,268,242,373
143,69,240,299,257,330,435,263,260,228,258,228,231,250
356,258,289,460,565,535,645,521,561,478,409,275,246,398
164,92,233,311,273,355,483,322,261,255,286,249,233,274
526,524,448,548,706,630,698,652,728,646,509,302,254,543
395,531,664,495,888,607,652,814,915,840,455,303,330,722
358,555,424,517,691,597,675,636,703,628,457,315,253,512
157,275,319,345,581,448,568,476,495,415,323,263,245,344
339,344,405,482,669,567,649,597,663,584,428,300,243,467
191,94,240,320,289,384,493,310,243,240,286,246,232,266
136,98,244,291,315,325,382,242,275,240,260,232,235,268
291,192,351,411,586,510,591,540,624,551,375,266,237,422
166,291,287,380,515,434,556,473,532,426,342,266,237,380
180,112,240,310,290,374,503,360,285,239,277,239,230,273
219,95,232,319,250,388,487,338,254,234,277,251,232,289
367,236,304,440,575,515,602,501,580,493,391,266,239,392
165,89,239,309,317,363,427,299,288,255,264,241,229,247
724,620,473,586,701,652,727,661,718,639,525,369,262,562
264,200,239,376,376,424,510,371,330,299,328,243,230,300
157,82,236,297,306,322,381,249,269,265,257,241,229,230
420,429,519,520,758,597,669,698,784,710,450,319,258,606
209,180,265,324,447,472,661,562,390,383,387,294,281,452
191,150,239,336,267,381,462,315,273,241,294,267,232,286
201,144,237,362,289,395,421,267,277,251,297,249,238,256
271,387,329,447,584,527,642,512,548,458,416,285,248,415
162,107,244,323,350,332,476,317,313,280,277,245,238,263
181,263,246,374,396,401,566,408,346,298,321,246,242,329
248,156,245,352,404,427,516,344,321,272,319,241,230,292
403,434,399,484,663,584,654,615,690,604,445,289,251,519
523,307,376,503,612,592,672,588,655,570,464,313,240,486
244,187,240,354,353,417,484,316,283,240,311,263,226,306
185,141,237,312,386,346,430,326,296,257,289,249,232,276
421,348,267,484,471,549,642,472,449,365,434,272,236,345
456,389,430,492,680,573,643,631,717,633,442,281,249,521
504,408,419,526,653,582,671,607,681,604,464,305,257,496
326,245,336,428,610,519,599,528,625,538,394,273,245,431
258,262,268,417,492,501,596,461,471,377,363,287,243,332
202,109,239,356,338,415,477,314,295,260,300,247,233,280
307,349,286,429,514,477,600,463,510,415,362,278,240,351
408,424,406,476,695,571,668,642,705,620,438,296,260,510
214,79,236,302,288,357,400,301,241,239,287,241,232,291
172,324,329,375,593,462,593,487,546,453,335,278,247,388
174,104,246,324,303,366,450,337,286,250,278,237,234,274
298,234,328,447,560,532,621,517,585,510,404,296,244,420
190,71,236,311,289,330,454,300,261,247,276,249,229,262
92,183,270,331,454,484,670,540,385,352,403,294,265,473
176,125,258,291,417,393,500,354,353,297,280,242,234,309
210,100,239,340,300,398,463,303,287,264,292,249,234,254
222,137,246,326,334,429,532,356,370,295,308,245,238,306
128,111,251,283,400,317,416,358,368,300,273,241,236,288
182,75,239,299,235,332,430,198,255,244,267,245,236,251
335,340,317,424,604,501,595,521,522,438,352,270,239,392
211,133,244,337,350,424,385,332,284,251,292,264,232,291
185,82,233,286,301,329,352,338,266,243,267,239,229,273
298,243,244,411,376,465,568,347,340,297,324,253,242,282
269,428,271,430,474,484,598,474,458,370,380,277,241,366
188,62,238,275,288,325,416,298,257,240,259,242,233,244
465,563,470,532,725,609,689,665,729,649,474,331,259,539
174,115,237,297,304,318,453,289,277,249,267,236,229,216
197,112,231,314,256,402,505,356,262,249,301,267,243,240
225,179,251,375,344,450,532,393,326,277,318,268,239,302
504,466,414,537,685,610,688,629,695,619,473,306,250,531
132,95,245,305,334,322,490,251,278,247,276,255,228,272
259,193,256,382,443,446,565,351,380,302,332,261,241,327
292,195,247,371,409,454,503,366,358,307,345,249,238,341
426,399,447,539,685,604,663,628,712,638,475,311,260,497
178,197,247,341,432,418,508,384,353,298,307,268,234,310
328,251,280,472,500,524,602,462,498,395,395,270,239,367
406,444,284,448,529,528,620,491,502,391,395,288,245,409
336,272,365,460,616,533,583,563,647,566,413,276,245,466
427,351,303,488,562,576,653,509,565,481,437,294,249,427
375,311,354,445,590,513,603,523,625,534,391,262,239,413
200,85,231,318,285,386,470,313,257,248,294,247,233,250
195,353,304,413,577,490,621,503,498,409,360,273,238,414
178,100,235,299,255,353,461,310,255,228,279,254,230,236
185,78,236,305,285,332,401,275,254,245,276,254,237,281
193,132,249,319,369,408,427,387,349,306,287,248,232,260
161,124,238,324,315,351,437,313,298,259,292,236,231,256
129,210,245,336,361,442,516,387,280,266,311,254,235,355
182,85,241,292,311,354,431,215,259,264,265,239,235,233
387,473,364,501,625,580,650,573,639,551,459,273,245,472
397,370,314,539,561,587,653,547,572,481,464,296,251,431
389,314,357,467,632,556,654,555,641,545,430,275,241,476
222,236,263,401,461,424,516,366,442,376,316,276,237,319
375,277,393,479,651,553,616,610,688,601,408,270,248,496
173,82,233,295,251,331,318,225,249,244,261,226,229,240
247,120,252,331,393,403,559,457,323,300,308,267,245,331
485,696,546,563,770,634,711,708,780,704,497,321,273,597
390,302,402,492,679,573,652,605,692,611,430,299,251,489
153,93,240,296,288,325,308,325,287,251,261,246,237,252
161,266,250,313,385,424,535,442,340,271,329,251,228,299
320,292,359,478,616,560,643,556,634,545,425,293,245,458
236,284,241,443,320,478,564,427,302,274,355,282,235,300
156,428,283,431,520,626,764,632,437,371,512,371,276,509
338,251,321,475,555,552,635,529,583,501,397,288,246,361
411,389,326,494,577,585,649,550,605,510,451,275,246,439
295,404,262,371,388,466,604,467,411,339,368,295,246,360
329,247,386,470,618,546,614,569,659,585,413,272,252,473
382,319,416,516,657,580,672,612,692,612,443,287,262,492
309,307,373,491,632,566,647,566,625,545,438,291,246,471
199,134,248,298,418,372,495,397,338,289,284,244,231,278
177,117,240,303,350,365,473,311,301,254,270,241,231,276
218,222,264,374,463,440,557,413,425,348,327,273,240,343
183,250,305,408,519,479,596,454,496,387,369,286,237,371
157,79,247,271,310,325,408,228,288,273,272,248,232,256
93,124,245,296,372,324,435,331,316,281,261,247,236,279
198,99,251,313,352,393,475,334,303,248,292,255,239,273
170,230,246,355,287,420,541,340,308,266,303,267,239,282
467,413,454,480,711,586,656,650,730,653,447,296,254,556
172,167,249,305,386,362,527,384,367,307,295,269,238,316
190,86,241,300,377,347,425,346,299,279,267,231,232,261
202,81,236,288,198,345,360,271,272,238,281,244,234,257
240,221,267,382,409,461,516,388,371,290,327,268,236,286
178,227,271,323,481,396,546,413,458,363,301,268,243,350
244,171,257,349,436,439,524,380,352,300,319,252,230,284
133,94,236,285,319,336,440,303,285,263,276,251,235,294
248,391,326,419,610,484,590,519,584,487,364,289,240,421
277,274,286,419,499,488,572,464,484,413,365,290,246,347
333,258,312,418,574,542,602,518,589,474,400,269,238,408
572,471,527,541,766,620,687,706,796,719,484,293,272,601
186,185,241,368,321,410,490,356,317,263,309,266,240,283
208,118,239,328,354,364,534,348,309,254,285,247,236,253
227,114,242,332,337,401,444,352,317,259,284,254,237,276
195,74,234,325,296,376,421,341,280,244,285,235,239,281
172,99,238,327,287,352,416,305,273,253,275,230,233,261
227,162,252,369,377,405,504,364,303,277,319,256,236,302
251,344,271,411,517,494,564,431,448,367,348,267,235,325
482,473,278,494,421,557,669,502,394,309,445,351,267,449
172,107,232,295,271,338,430,319,264,225,274,235,227,242
138,167,250,362,369,408,500,351,356,283,288,248,234,272
180,91,233,311,249,351,378,283,239,257,269,234,236,280
333,341,271,473,458,550,633,448,445,377,404,321,250,357
196,67,228,296,274,363,402,289,249,242,275,235,230,248
177,254,249,399,414,421,510,343,336,282,331,262,240,288
156,169,252,310,461,375,436,305,380,297,284,251,234,316
182,163,248,303,369,366,435,329,327,271,276,262,234,272
158,81,227,295,253,327,439,288,269,234,267,227,232,246
216,192,275,327,493,439,532,430,506,411,307,248,236,331
205,166,241,323,386,338,459,308,294,265,289,238,235,271
338,460,288,432,538,561,658,528,426,358,433,314,249,392
459,302,473,494,714,588,658,661,753,682,450,276,252,552
441,455,400,531,702,604,689,616,677,600,470,273,249,505
224,379,255,389,448,448,527,419,416,330,318,250,241,325
228,118,240,349,294,388,492,306,280,255,295,245,236,281
322,197,339,456,570,533,619,495,603,524,396,276,245,405
182,77,238,285,277,341,473,285,269,259,275,245,232,239
637,697,566,607,775,658,727,715,805,730,538,357,303,616
197,95,243,286,290,347,406,308,311,294,279,246,233,284
206,91,243,337,307,384,476,359,261,249,296,238,226,278
278,294,248,418,377,478,562,438,317,293,346,286,244,328
151,152,273,318,459,379,484,356,381,333,292,259,233,324
378,455,310,489,533,562,631,502,546,442,435,296,239,396
194,104,233,325,322,367,484,255,244,241,293,260,234,259
335,280,268,434,478,508,624,470,379,324,384,280,240,316
209,160,250,341,408,429,514,343,321,282,303,244,229,300
187,291,247,352,437,452,575,444,400,317,330,260,243,333
239,228,257,420,395,477,571,430,345,293,354,272,238,341
185,143,234,317,324,373,457,317,271,243,273,245,231,283
110,111,235,271,258,320,414,303,255,234,260,235,230,260
410,498,412,523,683,594,677,616,685,595,457,287,250,515
156,93,241,278,258,323,431,240,216,230,259,244,231,219
274,206,240,405,322,488,563,378,351,302,374,260,232,305
133,98,241,281,293,340,448,363,285,249,287,249,233,284
288,332,285,461,483,539,605,460,498,392,395,276,242,381
184,92,236,307,214,367,480,301,243,230,275,235,231,265
177,164,248,316,354,417,524,378,310,267,331,265,238,351
387,556,350,499,641,645,768,664,591,509,556,384,291,575
179,174,263,353,426,380,478,368,427,334,293,258,238,329
225,117,234,338,331,401,482,326,314,253,302,228,235,239
188,492,259,404,439,561,680,518,363,324,457,302,256,434
262,265,262,417,447,478,585,399,399,336,343,273,239,301
180,237,273,369,517,432,549,404,470,376,314,263,240,297
432,435,331,486,613,570,650,565,617,528,443,307,238,438
279,224,310,418,549,493,596,508,571,464,367,278,242,389
175,107,233,279,256,322,443,244,263,251,268,258,237,271
172,353,359,385,640,496,597,578,660,575,369,258,260,489
371,388,386,513,618,565,653,575,626,549,442,310,246,447
162,80,247,331,290,374,443,326,281,263,284,242,234,235
208,140,249,371,350,443,532,390,369,291,321,257,236,297
177,91,235,298,277,358,520,348,277,254,290,237,233,264
166,82,238,308,315,299,320,284,283,268,279,230,234,281
199,195,262,350,433,392,528,316,346,301,291,250,239,304
523,430,398,528,678,610,677,623,690,611,482,315,247,532
176,71,241,296,282,339,410,285,254,230,266,237,232,267
190,223,290,380,481,422,540,446,522,423,307,256,238,341
212,484,370,420,674,525,633,558,595,504,385,299,252,464
144,58,244,244,302,324,428,275,285,242,255,248,237,263
170,94,248,349,359,378,453,334,299,252,296,246,230,286
150,250,281,369,539,423,527,446,434,359,299,277,243,341
177,64,236,284,300,309,348,238,272,245,263,243,232,240
164,73,238,287,295,335,497,252,247,254,269,247,237,258
173,226,297,374,512,440,538,451,520,434,311,263,237,332
209,208,257,346,426,439,565,383,391,310,325,264,239,301
189,100,232,312,250,374,457,252,240,235,280,247,235,295
290,594,306,453,553,524,619,516,574,494,391,289,238,373
196,85,247,282,331,375,482,291,282,261,297,238,240,266
163,75,238,298,312,339,448,237,259,243,269,251,238,248
224,162,254,382,343,447,536,369,363,303,333,251,235,322
180,97,240,295,295,375,445,333,272,250,283,254,232,271
173,122,246,325,256,336,359,338,324,268,267,251,235,249
248,214,245,404,407,434,561,419,314,287,316,259,232,307
478,309,347,483,613,564,641,573,632,549,431,279,243,446
148,189,248,339,393,424,482,389,356,296,305,257,232,270
164,133,239,320,338,377,501,294,326,282,292,244,229,298
187,109,239,344,340,413,491,316,266,243,287,245,232,260
399,316,301,459,546,553,636,520,579,478,422,280,247,416
176,204,263,342,503,413,553,432,402,331,319,279,235,342
148,95,243,297,332,354,402,260,318,270,256,227,230,240
378,415,403,549,647,605,674,612,663,582,477,329,258,504
169,118,245,327,333,369,451,374,327,275,282,237,233,297
192,83,246,344,318,389,499,314,267,245,281,248,240,256
276,198,242,394,379,431,525,355,274,254,321,253,235,285
180,178,247,320,419,411,513,364,340,303,297,260,238,312
338,297,276,474,519,550,620,497,512,407,420,274,238,392
136,91,235,296,300,315,323,295,266,240,257,239,228,287
295,256,247,444,353,516,595,417,307,261,392,277,238,301
220,127,251,351,369,413,488,374,309,275,297,256,240,271
307,309,303,413,575,492,586,476,583,477,354,270,242,355
165,113,252,305,338,338,420,246,334,293,267,237,236,276
180,103,236,309,276,362,406,325,255,242,273,240,230,271
161,229,284,354,505,386,548,414,435,348,294,258,233,333
389,361,452,541,698,609,680,631,721,641,473,304,255,548
217,324,315,362,585,471,573,497,578,487,348,265,243,400
197,85,238,266,286,353,394,299,281,259,267,237,228,248
333,462,344,491,601,556,636,555,614,522,429,305,247,443
249,289,267,416,478,487,548,429,417,344,367,257,237,343
186,69,235,307,310,355,396,271,263,258,283,238,231,290
374,372,295,473,581,562,643,519,519,448,434,280,250,422
366,220,336,435,624,533,624,570,636,550,396,282,245,456
223,55,235,296,231,386,450,319,273,219,296,226,236,260
464,256,275,476,468,566,649,471,452,365,444,263,246,375
218,188,261,387,484,447,555,464,378,299,330,263,236,303
172,120,239,301,252,342,452,285,259,225,254,239,232,263
202,174,259,297,436,370,457,328,396,317,285,252,231,284
285,253,265,431,485,499,589,403,477,386,362,278,233,345
162,175,245,332,261,356,467,340,276,253,283,240,237,258
425,254,368,474,642,564,635,583,663,587,422,267,236,460
201,80,235,284,269,358,423,359,266,230,280,239,239,243
211,102,237,309,269,376,417,287,257,246,274,244,231,273
184,62,228,329,280,383,283,267,267,251,288,248,234,260
110,212,259,336,425,385,450,334,409,350,289,258,234,283
131,255,291,353,525,478,595,490,499,413,368,274,251,401
185,149,244,326,343,362,502,296,276,236,293,241,231,254
179,76,238,281,318,366,354,279,262,254,272,235,239,231
213,107,240,351,283,389,426,320,267,256,303,253,237,244
208,337,387,433,652,473,530,577,665,590,360,264,246,461
213,156,255,317,390,418,515,401,396,319,326,275,237,368
397,347,424,488,680,558,637,612,692,608,437,284,254,493
154,212,241,329,391,380,474,284,298,267,283,260,237,263
164,90,237,317,327,325,441,273,281,245,248,243,237,273
180,64,233,291,275,333,458,325,238,242,283,242,234,272
188,59,230,297,287,350,445,290,256,244,285,241,232,259
373,355,255,470,435,546,638,458,381,332,396,261,240,342
183,84,244,338,277,348,378,298,256,252,268,241,230,276
84,136,281,245,550,487,701,626,464,433,410,309,312,542
185,201,268,334,459,463,658,543,367,333,365,265,255,427
207,110,242,316,279,392,421,279,261,234,279,245,237,279
211,108,240,308,285,380,441,379,291,258,278,245,227,254
481,513,445,542,688,612,680,639,718,641,481,298,251,497
201,172,258,365,402,424,508,289,397,317,329,259,236,312
189,157,292,286,507,411,444,438,519,437,293,250,232,321
405,316,404,491,667,579,658,617,692,619,433,289,245,508
469,525,414,538,681,609,693,627,678,592,492,333,258,504
149,157,271,298,444,426,607,488,404,361,336,270,258,392
204,118,251,327,369,393,529,355,323,273,278,245,231,298
227,219,254,350,460,431,557,394,348,290,333,249,232,303
181,196,254,334,438,428,559,432,394,314,327,271,237,346
160,154,250,340,354,390,435,364,306,264,293,264,234,281
173,145,243,333,414,407,501,336,320,275,290,261,237,265
197,98,237,298,299,348,464,291,267,249,281,231,233,268
187,111,236,323,282,354,362,355,252,238,292,246,231,272
168,82,242,290,335,335,428,281,294,289,272,248,238,256
141,228,273,366,487,409,548,393,446,356,302,255,235,339
377,317,328,470,589,557,629,553,608,523,439,276,243,414
191,342,308,427,559,458,574,511,557,457,337,270,243,374
348,485,296,494,535,567,652,532,506,432,427,286,242,434
220,119,234,325,268,406,511,335,242,269,303,246,239,292
190,70,235,322,276,380,484,252,274,264,282,238,239,264
186,64,238,289,238,348,462,277,257,234,280,242,233,255
190,81,240,321,347,389,486,304,274,251,273,253,231,257
383,250,368,500,649,576,659,585,674,590,446,288,246,476
228,263,267,381,447,456,557,441,430,339,353,268,235,334
251,248,275,401,531,484,593,438,492,414,361,273,236,363
279,202,256,405,442,482,581,380,371,312,351,257,233,307
143,83,237,288,296,313,392,251,278,261,268,241,232,252
343,387,371,489,595,578,671,577,617,551,449,287,249,441
202,387,344,402,622,469,616,504,544,439,341,278,243,373
404,391,443,537,673,600,676,614,713,635,463,286,274,534
155,79,241,285,286,330,369,311,275,251,272,242,234,262
253,173,241,367,356,419,516,329,331,266,306,252,232,285
189,152,268,319,441,413,500,421,454,358,298,248,234,310
207,163,254,361,393,416,499,358,352,292,325,260,228,291
219,74,233,292,287,383,533,298,271,253,288,235,234,248
241,338,382,463,641,515,596,575,661,578,366,269,245,463
207,135,232,333,242,377,440,275,237,245,290,250,232,256
384,306,466,493,685,577,642,631,722,645,444,287,248,532
170,173,246,337,352,393,522,328,324,262,300,242,229,255
395,259,313,513,564,567,652,526,557,462,435,307,240,425
307,233,267,416,464,503,580,464,493,410,391,272,233,322
494,359,394,534,615,596,683,585,645,565,466,297,247,470
472,406,442,515,680,594,676,625,715,640,473,299,250,531
455,635,361,535,612,582,661,573,631,543,445,293,252,457
191,109,230,325,290,381,385,286,263,256,286,262,233,252
175,55,240,299,338,325,333,251,264,234,267,242,227,267
321,271,291,431,507,520,618,474,507,413,375,279,238,378
431,534,482,571,713,626,696,660,740,661,501,314,256,553
147,145,252,315,424,368,514,361,359,312,289,245,234,298
151,103,237,304,269,310,509,252,263,237,265,234,235,234
176,92,241,304,301,366,417,265,271,237,276,233,233,244
360,246,357,470,638,542,626,588,661,584,411,281,241,452
374,330,332,513,578,563,665,533,603,503,442,302,248,435
302,347,481,471,692,537,633,648,738,660,410,293,261,547
367,446,302,471,563,567,657,525,570,472,453,287,240,392
308,309,315,471,570,565,637,544,589,513,429,285,249,390
391,317,456,483,712,586,649,649,744,663,433,280,257,549
152,84,235,284,303,294,284,224,255,245,279,230,232,252
465,341,312,492,563,609,695,548,586,493,474,295,241,428
185,75,233,322,296,362,415,291,263,245,271,257,240,266
127,168,252,321,387,390,434,349,373,309,298,249,233,278
208,166,251,399,284,466,561,339,293,263,346,258,236,344
197,65,234,304,324,363,399,285,276,246,268,241,228,244
165,107,250,320,350,371,490,311,285,288,274,243,231,256
154,73,237,332,315,350,322,288,239,244,254,229,234,231
587,489,388,519,674,608,675,615,687,609,479,300,252,511
357,304,296,444,582,526,620,491,554,471,395,283,238,399
167,85,239,294,260,319,432,255,274,243,275,261,240,274
190,79,237,286,285,348,462,339,272,267,271,237,238,263
175,227,240,324,332,361,277,321,281,265,264,246,230,244
194,249,260,348,402,421,546,373,354,321,296,258,237,320
180,91,243,295,335,303,395,334,296,266,267,252,229,267
282,249,256,361,353,440,527,353,337,276,319,271,232,306
478,477,420,529,692,614,696,628,676,592,479,313,264,518
464,346,256,456,395,518,592,395,332,281,369,292,240,337
495,425,270,506,448,572,664,457,444,362,434,287,248,402
200,154,252,319,351,390,493,302,364,291,306,255,235,274
200,320,294,370,561,478,579,486,515,420,347,284,234,374
363,355,289,467,548,555,627,524,533,447,427,280,241,386
199,118,240,337,308,380,464,272,260,237,277,247,235,261
159,118,239,302,305,349,457,354,270,245,261,239,231,258
174,177,249,301,404,390,421,381,382,316,303,240,233,314
204,129,248,330,387,399,461,277,307,253,283,261,236,263
147,181,261,338,429,429,605,489,357,349,344,276,264,400
366,383,409,498,651,581,657,603,677,597,441,298,248,472
447,512,333,493,607,637,750,640,555,500,535,356,266,537
317,303,374,447,654,546,626,582,668,581,419,276,242,481
124,250,290,334,569,369,489,437,458,358,294,246,241,337
158,131,240,313,330,383,505,299,286,266,284,245,234,282
154,215,252,333,469,420,519,409,398,313,307,243,237,306
198,85,234,313,272,368,450,330,248,241,273,243,232,253
132,105,253,299,397,344,427,362,331,282,278,246,236,302
343,357,363,516,631,580,655,571,642,554,458,295,242,473
198,65,238,303,272,352,369,302,259,236,271,244,236,264
388,299,254,404,352,488,579,433,349,304,351,262,235,326
411,410,345,505,634,576,652,572,642,556,450,295,249,463
176,86,242,315,319,366,390,322,278,266,267,246,235,238
166,105,235,288,328,338,439,337,251,242,266,241,238,259
371,415,495,503,734,582,671,670,752,677,444,299,268,557
157,140,249,313,351,381,476,363,329,290,279,238,237,308
203,92,243,306,361,342,415,272,288,261,277,252,237,279
164,169,256,305,434,397,478,376,387,336,291,264,238,286
238,141,243,362,317,435,550,373,345,305,314,234,229,288
176,98,235,311,198,363,419,289,258,246,269,263,234,260
345,511,386,486,661,567,652,604,677,593,441,300,246,495
189,88,231,297,257,357,386,285,256,248,277,241,232,251
202,90,242,309,263,364,473,288,272,242,285,239,237,218
200,93,237,308,282,373,477,294,256,232,279,246,228,274
302,355,289,432,527,515,590,506,534,457,374,264,240,333
244,285,280,401,511,459,531,469,503,408,329,255,238,385
305,224,393,439,643,521,593,566,660,573,368,268,247,424
156,84,241,300,372,366,340,290,300,298,262,237,233,288
217,388,294,408,562,491,587,462,489,389,364,273,235,344
141,151,242,288,339,339,413,299,286,266,283,243,239,261
216,86,235,318,287,377,424,316,259,252,292,243,235,271
301,295,247,423,388,493,605,410,305,283,353,246,236,291
157,102,241,316,312,320,483,369,303,258,271,242,234,241
84,142,281,319,538,382,516,366,436,351,292,251,239,280
161,140,244,306,434,401,524,345,316,282,310,246,234,305
204,88,235,305,296,357,445,298,267,248,270,251,229,275
209,220,272,362,493,450,551,453,466,370,324,259,238,350
219,122,241,349,307,403,463,317,266,233,313,251,229,276
220,106,240,350,303,415,526,316,290,255,303,266,234,277
171,96,240,327,374,394,505,290,307,280,295,256,238,268
171,119,238,293,342,322,448,249,337,288,264,248,234,283
221,177,260,354,374,425,505,389,400,325,307,252,231,300
234,381,344,447,587,517,592,521,588,506,372,271,239,427
93,206,278,377,475,407,529,381,460,361,303,246,237,316
273,273,269,390,504,480,573,432,459,369,340,288,237,361
188,296,265,369,479,441,585,449,407,343,339,289,235,349
337,357,280,500,518,542,621,510,449,360,409,271,246,356
216,97,235,335,330,352,450,310,262,231,288,245,230,235
279,196,254,402,390,460,531,411,307,272,334,263,235,312
260,214,254,383,407,461,532,358,368,321,325,251,237,334
151,152,258,310,420,357,508,313,381,304,280,245,236,294
183,81,236,287,276,345,449,264,268,235,273,244,230,257
203,131,244,304,289,379,483,311,264,253,302,255,236,262
286,243,307,403,551,500,596,519,575,485,380,274,241,385
239,247,283,375,513,464,608,467,463,372,332,263,241,352
103,215,263,349,482,416,530,420,439,338,318,245,231,310
199,124,251,254,384,379,508,398,398,329,298,241,233,290
160,125,250,290,410,377,524,373,329,285,305,258,234,289
283,267,348,432,610,537,620,577,647,569,399,263,242,439
451,455,436,521,696,602,683,638,721,649,467,293,255,525
197,65,237,325,272,372,415,289,265,246,276,256,234,254
176,63,235,287,326,351,404,247,281,241,277,235,230,276
188,76,242,307,288,375,476,327,295,252,272,257,237,244
200,110,228,296,256,328,400,284,250,259,270,237,228,262
176,356,303,511,543,567,646,540,552,458,424,300,244,401
153,116,248,312,370,388,516,366,338,271,290,250,234,296
510,394,406,517,686,597,677,633,706,623,462,278,253,507
316,277,320,463,547,545,607,523,569,477,426,298,242,394
194,77,238,311,322,336,450,298,254,241,268,251,235,263
197,83,237,329,327,381,446,305,268,236,282,246,232,251
216,102,239,345,303,407,478,336,275,268,282,241,239,277
168,82,234,284,246,349,389,344,253,239,259,239,229,252
193,73,235,299,290,351,471,318,240,232,271,252,234,255
148,113,244,285,336,318,461,227,320,278,273,248,233,259
193,154,253,317,474,433,539,357,372,315,309,255,232,366
235,225,249,390,360,440,565,411,325,278,319,262,237,310
197,161,253,356,415,460,569,369,378,304,339,266,231,306
446,535,434,533,690,600,656,626,704,625,476,312,259,499
129,174,257,321,379,421,615,489,318,298,337,279,267,408
166,86,245,302,269,318,422,256,281,273,258,223,234,218
177,311,291,366,559,421,551,427,465,364,304,255,236,319
173,80,241,293,338,333,470,281,328,264,251,233,232,256
206,78,241,329,287,384,436,238,266,247,286,235,228,283
268,305,272,397,455,488,552,407,454,374,365,264,241,349
200,101,238,331,303,402,495,276,275,251,287,246,236,249
297,321,323,443,580,490,578,541,591,496,360,281,239,380
347,431,445,530,694,602,683,636,693,616,466,327,254,518
171,474,298,442,571,523,649,499,486,394,398,284,246,416
164,168,256,341,429,409,542,374,409,329,293,250,233,292
164,223,289,354,524,425,549,399,458,359,316,243,236,354
165,78,235,297,317,348,456,325,287,271,274,234,232,265
214,127,253,336,370,381,492,352,306,265,294,254,238,237
457,428,395,540,642,599,685,611,667,590,458,305,249,492
478,456,398,494,674,573,641,616,698,614,437,286,253,518
194,207,264,360,391,432,548,391,425,324,316,279,235,317
170,174,261,320,430,401,518,388,338,280,285,247,232,288
280,150,243,380,342,453,530,332,300,265,322,261,234,296
331,197,247,472,412,511,629,447,321,298,382,273,235,337
302,315,407,445,647,526,581,595,688,614,377,294,250,454
185,324,281,330,471,432,568,482,512,402,329,267,232,350
302,311,289,423,507,510,621,497,539,426,368,267,234,356
151,237,261,352,458,420,531,389,376,301,311,276,235,315
205,69,245,311,335,396,423,309,318,277,294,245,234,250
467,322,307,490,544,574,633,513,554,455,446,297,244,400
368,250,299,436,561,541,604,511,591,487,415,274,235,392
198,206,262,379,430,422,531,419,419,328,304,268,237,304
319,380,284,451,522,538,616,470,492,393,381,268,242,371
210,67,240,297,281,382,423,272,244,237,279,237,229,247
476,325,417,489,640,576,662,600,676,595,451,307,250,478
148,223,263,337,448,456,489,451,463,371,319,256,234,316
236,180,267,373,451,476,573,420,469,364,344,263,235,331
164,133,250,272,394,362,423,365,381,316,273,244,235,293
162,110,234,306,290,349,413,266,299,272,277,253,233,289
351,213,419,460,658,551,620,607,699,620,414,272,247,494
118,208,264,320,485,373,487,342,390,311,271,248,238,310
231,459,318,449,583,502,592,523,593,500,383,272,245,413
173,111,233,275,265,334,423,287,258,236,260,222,230,245
405,291,301,469,550,560,651,522,588,486,414,270,236,425
302,249,258,425,414,490,557,407,384,309,360,264,241,297
166,166,255,342,389,400,516,379,405,323,306,244,232,297
172,69,238,308,315,359,515,322,285,254,278,251,237,288
168,89,236,299,300,345,396,314,267,260,266,249,231,264
137,66,234,270,275,328,408,308,234,240,255,238,233,251
515,746,458,577,709,642,730,651,692,615,516,347,255,534
356,219,258,397,411,475,582,450,393,313,351,277,236,343
223,89,245,329,297,415,488,332,283,256,282,239,232,254
464,332,342,526,608,583,645,563,613,525,453,297,245,430
164,123,242,324,347,368,437,307,264,262,269,241,229,256
241,162,257,358,424,444,520,415,402,331,300,258,239,323
201,330,281,370,479,449,594,480,513,415,318,270,233,373
136,114,241,321,349,365,527,327,296,276,289,248,227,281
162,94,239,270,292,318,313,286,281,252,262,233,231,240
154,82,240,299,325,319,454,362,268,254,269,238,231,231
366,264,395,436,648,555,637,605,688,600,431,289,245,497
311,243,325,412,585,513,606,521,615,527,383,255,236,407
496,325,391,521,649,584,658,608,676,595,454,282,257,500
201,94,234,307,311,351,368,267,262,244,268,245,236,262
207,126,244,340,311,386,438,335,338,283,285,244,232,276
216,186,255,357,380,438,558,323,389,325,330,270,229,294
171,109,238,282,266,325,361,275,274,266,263,242,235,269
441,350,395,498,677,586,666,616,681,591,456,287,249,520
221,85,241,330,338,402,452,332,322,287,301,243,234,296
84,128,236,280,265,326,292,223,284,259,266,250,235,272
373,438,354,489,618,577,642,576,629,541,436,295,242,465
178,82,236,320,320,376,447,274,268,239,275,255,234,275
481,408,306,532,558,603,687,547,569,469,475,283,243,387
184,87,233,302,261,350,378,213,238,241,280,255,237,253
456,595,458,522,719,612,700,659,725,650,475,321,256,541
174,156,240,316,305,363,446,395,277,252,279,245,234,261
255,173,270,380,474,487,582,461,454,378,367,260,241,356
479,332,331,496,590,577,649,547,611,531,443,290,234,449
235,141,246,378,349,466,554,359,324,279,359,260,232,325
118,123,271,287,483,363,457,414,475,396,281,231,229,299
200,104,239,318,330,370,479,311,291,256,287,252,237,266
253,288,311,415,531,493,577,492,552,455,367,273,241,383
174,97,244,321,289,375,315,300,278,239,267,233,234,276
197,69,234,313,245,351,457,282,238,231,270,225,232,258
383,405,436,513,678,592,664,640,713,630,451,314,254,517
375,361,452,475,705,560,639,647,745,663,426,284,259,532
233,80,234,330,286,384,365,285,237,256,305,221,233,241
138,96,236,294,255,327,317,293,282,257,255,223,230,257
204,50,235,282,299,309,271,264,241,235,257,235,233,232
249,387,288,444,534,491,617,481,509,419,362,270,239,377
254,251,278,424,457,491,593,443,463,363,364,255,238,377
164,80,231,293,282,352,389,290,237,230,277,237,233,260
311,212,349,451,599,533,602,555,624,542,388,297,250,409
144,135,274,317,460,382,460,398,427,342,278,251,237,261
163,79,238,293,358,314,453,270,285,250,278,236,234,237
159,85,237,305,310,353,406,293,270,247,273,232,235,260
464,399,330,521,585,597,678,551,560,482,475,316,252,427
156,81,237,302,247,334,394,315,252,245,276,247,230,257
162,110,252,321,422,373,424,339,318,287,271,249,237,288
338,463,384,533,641,615,692,603,660,570,474,316,254,483
352,417,368,481,621,547,634,574,638,559,410,295,247,409
192,87,239,310,271,377,494,322,246,261,275,242,236,258
106,218,279,334,515,419,544,428,419,343,307,262,241,328
199,65,236,304,250,360,454,329,245,243,269,237,232,244
406,334,277,482,503,561,627,492,500,402,430,297,241,373
472,429,412,512,680,593,676,619,689,610,449,304,251,500
144,148,239,314,280,394,471,324,299,271,282,242,234,272
163,366,254,366,466,470,579,411,394,332,341,270,232,326
349,284,372,483,619,557,617,570,644,556,410,294,247,456
168,61,230,288,285,309,447,294,235,234,264,235,230,239
369,367,397,490,642,580,609,605,680,595,434,290,249,474
362,392,366,492,632,576,658,594,664,575,441,296,246,495
181,67,236,298,289,335,435,267,237,235,275,235,234,265
245,328,297,431,525,487,577,447,500,407,347,273,234,367
463,271,394,509,640,584,666,599,663,584,439,297,250,479
262,180,263,375,481,469,538,423,461,376,347,266,243,339
372,418,407,474,690,564,636,612,702,617,423,302,255,505
189,81,236,306,290,370,363,324,264,244,287,247,238,263
397,218,365,499,610,562,629,549,645,562,405,280,242,442
360,294,354,490,583,565,640,567,613,532,436,292,246,446
168,361,332,390,601,481,599,514,576,481,354,275,247,362
349,372,346,478,621,565,656,576,634,542,426,279,248,430
207,267,282,368,511,453,513,429,526,432,301,256,237,343
617,387,262,488,415,530,618,452,309,273,394,281,237,347
197,81,238,323,344,399,463,353,257,248,282,241,235,252
407,428,397,487,661,583,652,603,664,575,444,277,250,474
215,103,234,314,247,409,322,297,262,248,291,240,231,253
316,232,363,449,626,536,609,572,648,566,398,276,244,451
166,172,240,315,353,392,492,364,370,310,276,262,234,294
166,91,241,298,323,337,426,310,264,256,272,261,235,252
172,78,239,282,365,352,420,296,249,256,269,259,232,237
167,125,249,313,377,353,389,311,307,270,274,243,235,272
398,440,423,517,664,582,674,600,688,603,453,270,255,504
364,237,357,457,621,554,629,573,645,556,423,267,251,448
330,208,244,429,366,474,593,377,287,260,358,259,230,268
490,395,392,560,661,631,702,624,675,591,504,339,264,498
182,124,237,322,305,393,389,285,281,258,293,246,233,253
219,327,472,492,694,559,667,642,738,664,416,300,263,547
461,455,393,497,673,580,656,623,682,604,441,282,246,489
201,79,238,318,279,354,487,269,270,263,284,246,234,308
135,109,238,334,342,395,483,320,281,256,294,242,229,272
176,62,234,287,260,346,499,291,268,242,275,239,232,235
451,399,431,518,681,597,693,628,693,614,450,313,259,510
221,104,240,335,336,383,463,332,257,255,291,255,232,260
333,293,400,467,644,550,638,593,671,591,422,296,247,486
188,84,237,307,299,366,422,289,264,254,287,253,235,240
197,87,233,328,238,364,361,285,244,236,283,251,233,268
201,125,247,364,387,382,547,310,332,283,302,247,237,306
390,296,355,483,633,567,641,591,642,561,429,301,253,447
137,170,245,340,357,373,526,362,329,283,272,254,238,274
219,532,266,448,422,517,636,495,401,348,375,294,238,395
206,94,236,315,246,356,460,331,243,232,287,240,230,233
170,354,325,395,608,485,587,505,537,434,354,263,247,403
200,103,240,339,338,400,402,321,276,253,288,253,237,272
237,145,234,395,312,444,510,273,264,241,317,263,234,276
201,215,254,383,477,460,572,402,406,312,331,264,239,272
328,242,280,395,506,471,582,447,451,363,362,269,236,337
338,174,375,427,617,502,581,564,652,566,378,255,244,442
164,133,238,325,320,359,393,319,275,253,272,245,230,285
203,172,255,359,448,429,568,365,382,317,316,258,233,267
215,78,241,311,280,407,436,320,263,244,292,248,230,260
358,212,366,434,634,542,597,579,663,585,402,276,241,478
405,518,318,500,594,579,647,557,607,514,440,299,240,434
167,99,244,320,325,368,471,334,316,284,276,257,234,258
235,154,243,337,403,438,571,354,313,277,298,258,235,284
334,198,381,459,607,543,633,574,647,564,396,273,246,459
190,98,241,303,270,382,388,331,259,250,289,244,230,287
290,193,250,408,349,478,592,403,274,284,339,255,238,320
291,261,257,464,419,515,610,429,367,305,364,271,240,338
369,288,467,482,697,572,636,644,735,653,428,281,248,529
223,217,246,326,355,389,456,363,274,254,296,252,234,274
165,159,252,319,386,386,473,349,353,290,286,246,236,264
297,288,267,428,459,500,583,426,415,340,362,293,240,337
281,243,268,425,435,492,582,429,398,324,365,276,237,291
326,363,386,467,660,543,633,594,673,588,417,279,248,499
442,335,366,492,642,577,653,571,657,560,443,286,240,479
240,132,242,341,320,414,497,377,273,248,295,251,239,279
163,73,241,313,284,326,426,271,261,237,264,241,236,267
200,99,233,311,278,363,361,332,286,248,286,235,230,268
194,78,237,320,288,359,464,235,252,242,278,246,237,260
199,135,234,309,324,375,486,288,279,249,291,263,237,277
215,106,245,341,297,406,514,305,296,255,294,239,229,270
179,194,272,358,525,436,570,375,399,322,297,265,242,328
191,95,241,313,304,383,532,360,263,243,306,246,233,244
137,130,247,301,411,393,500,378,326,278,265,257,235,302
239,201,271,348,505,467,603,459,418,336,339,256,240,323
226,220,250,405,384,477,558,414,347,293,316,254,233,290
216,89,238,320,302,366,453,326,259,237,298,226,235,276
375,232,377,465,654,544,611,604,682,588,391,269,247,477
163,126,241,305,301,369,464,324,291,250,265,246,236,248
149,110,241,291,341,365,435,351,266,254,273,245,228,247
175,89,236,332,263,345,428,309,260,252,278,227,233,258
150,152,243,315,318,310,242,290,283,261,267,245,228,270
193,100,236,322,309,401,448,328,277,239,292,253,232,247
155,146,265,336,432,424,564,391,447,366,296,241,231,295
199,87,234,311,240,373,475,286,259,234,289,237,239,236
377,241,388,449,639,543,619,581,670,587,396,278,253,478
152,105,239,268,293,269,411,248,247,243,249,253,231,255
174,155,248,347,331,422,513,351,300,278,306,250,235,271
127,307,279,396,502,461,584,451,474,384,318,248,234,323
207,130,244,324,321,404,530,339,284,258,276,250,233,273
225,133,250,413,375,461,545,387,304,270,346,262,237,314
346,253,432,465,701,574,646,638,728,645,429,284,259,520
168,94,237,296,238,346,251,259,241,236,251,240,236,244
191,112,235,331,269,366,408,337,236,244,295,252,234,271
194,214,272,352,508,448,566,450,449,348,322,255,236,347
502,424,445,547,698,618,688,630,722,640,488,319,256,541
397,259,390,488,653,579,645,613,690,608,415,266,257,484
152,87,243,301,296,356,436,228,277,250,269,234,236,258
173,132,244,354,390,415,553,363,305,281,308,246,235,325
367,371,382,506,627,568,662,582,654,568,445,310,251,460
352,355,393,504,644,577,653,586,656,574,432,278,245,464
138,296,251,343,378,429,487,400,370,324,286,264,237,286
170,178,239,349,291,346,387,288,257,255,271,241,235,255
171,93,234,301,310,327,335,272,258,260,260,233,230,244
198,115,241,358,283,381,483,311,260,238,296,247,236,271
172,239,308,389,575,435,536,445,469,391,308,257,242,345
191,64,234,316,308,397,407,239,252,257,279,255,227,246
169,59,238,302,340,316,319,241,251,239,264,238,229,296
203,124,248,329,362,389,499,330,286,277,289,249,233,301
174,84,232,331,336,393,508,325,276,251,290,247,231,270
141,78,297,298,523,384,510,453,544,454,271,251,241,330
178,77,232,289,232,329,365,233,235,250,255,231,230,258
231,183,248,395,338,428,486,344,286,260,325,266,236,296
201,159,250,345,399,451,524,401,368,270,315,248,231,305
578,413,300,518,524,601,683,530,545,456,461,295,238,423
296,230,318,436,580,539,622,534,601,517,388,301,246,415
197,180,269,379,474,464,542,409,364,294,327,266,240,295
245,196,242,384,353,472,534,378,293,245,334,235,239,267
220,109,234,345,327,440,573,340,272,264,304,257,231,267
403,469,467,539,694,604,688,644,728,653,464,303,257,534
206,70,239,304,267,363,462,246,245,238,275,234,236,274
175,148,238,350,306,413,539,280,294,264,306,243,235,284
193,80,238,319,328,375,459,301,246,258,284,242,232,253
179,154,257,353,401,418,529,393,338,288,301,252,234,304
189,110,242,303,269,302,365,253,284,253,285,246,236,279
218,162,257,341,438,401,406,335,364,298,315,252,239,313
259,327,264,448,439,490,577,386,388,322,351,268,243,370
329,533,336,452,634,524,640,538,541,452,382,304,255,433
330,195,235,351,349,432,489,359,269,248,307,263,232,287
202,178,257,361,385,438,546,383,368,310,313,261,233,313
147,110,239,298,309,354,423,327,238,236,274,239,237,252
281,152,344,444,594,529,616,539,620,535,398,264,246,401
169,96,233,312,276,336,451,305,242,246,271,255,238,260
180,63,238,292,287,327,371,292,252,222,271,257,237,268
225,154,237,380,294,408,401,293,277,264,323,261,237,288
174,162,261,322,452,375,423,363,360,300,283,246,237,266
190,89,236,312,213,375,504,264,259,251,276,248,231,265
200,126,261,332,472,412,509,414,385,313,298,250,236,293
338,499,433,474,690,562,650,632,714,635,437,310,255,529
467,354,399,504,641,589,673,591,661,579,452,292,244,473
192,210,249,338,427,408,542,361,326,287,302,258,232,300
147,202,259,380,423,528,658,494,350,310,406,296,244,399
350,282,373,422,638,541,626,591,673,588,393,286,242,462
273,233,265,454,429,524,630,431,383,324,379,273,235,338
421,313,340,489,603,573,657,565,615,533,447,298,243,470
337,254,325,476,578,547,618,542,596,503,419,286,244,401
335,406,310,480,593,561,637,521,547,462,413,268,240,418
246,414,275,425,451,513,593,469,478,402,360,279,241,330
187,73,240,316,293,345,454,289,223,233,271,246,234,243
202,134,252,345,382,422,487,312,306,278,288,253,238,288
133,258,323,325,548,565,742,645,483,448,503,392,338,582
247,279,281,421,494,509,594,477,505,419,347,277,236,360
140,277,279,362,532,447,565,429,462,368,317,258,239,344
112,201,274,340,464,398,438,390,405,337,301,264,238,277
161,180,263,351,478,418,532,359,385,312,293,254,241,322
212,119,248,355,318,428,547,366,374,283,333,246,233,259
152,92,240,322,369,384,459,296,311,256,286,262,232,304
214,265,273,377,511,470,576,423,371,319,315,260,243,304
258,324,330,476,595,565,660,538,564,485,416,307,250,383
222,260,292,399,573,508,636,545,552,474,376,270,241,398
288,203,274,427,437,521,610,436,456,354,365,257,244,360
313,398,271,445,519,511,609,441,489,393,365,271,238,314
189,107,248,326,344,323,496,289,289,270,285,258,234,301
198,123,240,334,332,395,485,358,284,252,294,244,233,242
115,161,245,555,445,692,769,592,368,316,582,333,248,465
325,173,276,447,498,545,635,463,527,419,416,270,241,386
164,148,246,311,297,371,510,293,293,281,294,244,235,263
220,250,271,408,507,463,589,406,458,368,333,264,239,301
160,44,234,310,249,257,164,243,231,258,252,238,232,258
294,289,267,451,453,488,575,444,410,323,386,258,245,358
258,425,369,470,623,533,639,548,607,514,386,289,239,436
191,126,240,382,309,415,463,339,265,251,299,252,231,303
204,67,237,307,339,361,393,281,243,254,269,236,228,253
184,87,240,337,254,444,533,352,264,244,293,260,239,345
192,112,243,333,314,435,506,347,277,267,299,254,236,260
186,344,344,399,595,488,589,523,620,547,334,288,242,404
251,218,278,419,524,473,566,468,459,370,349,260,236,333
314,247,290,444,505,533,634,461,476,371,382,264,240,355
274,442,257,457,392,511,624,470,377,328,387,299,237,360
385,291,414,473,660,551,633,626,711,634,431,292,255,518
164,69,243,318,284,308,342,249,284,257,270,242,233,271
175,124,249,349,385,392,484,315,360,298,314,253,235,268
223,308,394,430,633,499,574,582,666,591,352,253,240,446
203,357,289,396,538,464,545,484,470,374,331,260,239,339
209,76,236,309,265,335,372,305,251,250,271,230,229,249
371,276,565,473,791,569,632,724,830,756,412,263,279,647
533,430,464,540,693,614,684,637,720,648,503,342,267,522
168,91,237,322,287,349,410,270,275,260,273,231,232,276
165,372,273,409,461,487,587,431,435,348,347,273,243,361
212,130,246,319,406,396,473,352,339,289,285,267,234,323
176,129,238,322,357,398,474,325,296,254,287,241,234,279
364,292,292,473,500,534,628,478,508,396,408,301,241,364
418,231,367,494,622,575,643,583,654,571,436,315,244,484
169,80,235,313,294,366,437,278,260,247,275,248,237,250
172,368,287,402,533,504,608,472,517,411,351,273,236,367
202,121,251,320,406,419,543,381,380,336,307,252,232,262
174,139,249,318,312,355,448,345,317,266,278,256,233,292
378,274,322,434,595,531,626,552,607,522,402,262,248,440
253,298,317,452,577,508,636,511,586,492,367,282,244,455
179,133,243,333,325,391,527,361,330,289,282,239,230,280
201,64,236,311,265,415,517,261,246,227,287,238,236,246
158,368,263,390,433,467,594,468,434,354,329,246,242,323
316,333,338,444,595,502,597,530,618,532,370,305,242,416
201,88,242,312,348,357,515,342,293,279,281,252,231,275
257,208,247,406,360,474,575,330,324,275,329,266,242,334
113,242,252,336,357,421,539,418,294,273,306,251,239,323
350,433,340,498,600,559,644,545,612,522,412,289,250,426
258,400,518,516,742,585,683,690,768,696,440,309,275,564
185,94,236,301,347,372,458,267,293,256,290,245,237,282
248,137,238,368,290,444,512,340,282,255,305,250,239,248
166,87,235,293,312,369,426,271,281,257,254,238,234,237
320,677,517,504,765,582,692,658,696,615,444,343,284,549
200,92,241,348,308,354,456,270,276,245,285,247,225,245
207,137,247,338,382,436,510,390,386,314,309,252,237,304
195,146,245,326,359,376,482,357,300,278,296,255,236,278
162,156,257,328,385,435,525,313,343,287,298,249,237,283
403,457,428,510,687,591,667,640,703,623,455,320,253,512
283,198,253,399,403,485,566,383,341,294,361,253,241,309
209,148,235,317,313,395,468,354,243,231,285,243,238,289
164,94,239,287,302,344,291,280,261,257,253,246,231,230
344,324,381,455,655,546,630,592,663,579,405,283,242,499
176,82,234,325,327,399,409,300,257,244,285,243,239,251
216,117,243,345,362,439,523,363,358,281,306,248,236,276
309,179,302,429,547,522,571,509,571,485,365,265,245,360
185,116,237,316,292,390,480,323,259,236,279,239,230,281
558,422,357,525,632,611,690,578,630,542,476,316,240,479
272,208,360,420,612,505,562,518,626,548,361,276,248,396
214,105,239,345,292,421,459,327,256,253,298,259,237,248
354,368,440,514,676,582,649,635,719,640,446,298,255,519
347,315,276,471,503,573,630,484,490,420,421,286,231,382
253,165,238,379,346,457,543,386,283,238,330,267,244,261
185,112,234,333,268,390,438,312,251,244,266,239,238,264
172,150,237,327,272,386,493,304,244,252,288,261,238,265
169,84,240,337,320,379,441,314,266,240,287,234,231,253
193,98,236,326,264,381,421,335,250,235,290,254,234,272
195,217,254,380,448,436,555,341,356,318,329,266,234,347
238,155,249,338,357,402,526,396,356,283,300,257,229,294
271,195,253,379,423,478,540,408,350,282,313,249,231,314
237,124,248,329,366,419,491,370,350,322,300,249,233,273
264,167,238,377,338,443,510,384,289,264,327,252,243,297
179,67,235,319,298,400,501,301,276,256,283,239,237,278
169,135,243,327,331,387,491,286,307,258,277,253,238,266
188,101,238,354,235,407,520,351,259,258,296,246,236,277
207,122,241,333,315,416,542,375,263,231,292,241,229,271
190,133,248,344,345,431,559,354,287,263,295,257,232,320
403,364,428,510,700,592,653,648,732,652,449,278,251,542
182,98,242,313,311,388,528,358,287,267,274,236,234,250
191,102,231,327,254,421,470,332,241,238,290,253,233,281
158,82,240,328,300,339,501,284,253,256,264,258,230,266
218,129,243,366,315,405,533,336,299,275,303,251,233,285
186,183,241,371,347,448,551,323,248,246,321,252,236,274
141,322,305,369,597,472,595,490,490,383,333,275,240,371
503,383,356,532,629,606,679,593,646,560,459,301,245,495
204,80,230,333,207,363,391,265,222,223,271,243,231,249
170,110,245,314,296,381,320,285,269,240,272,239,235,241
241,161,238,363,329,434,517,340,269,258,313,235,233,250
379,277,375,463,621,564,631,585,654,577,443,265,253,464
178,118,234,344,307,395,434,314,255,246,293,261,239,256
182,144,231,355,265,410,480,332,272,250,287,249,240,272
165,92,245,330,338,427,533,345,298,250,273,246,239,268
311,263,328,469,571,532,615,522,596,521,413,282,246,430
248,148,240,415,386,463,543,378,303,277,335,245,236,351
173,52,242,305,313,381,363,289,297,265,280,240,236,246
196,103,232,284,277,326,404,264,279,247,275,246,234,229
218,206,296,390,501,459,517,473,550,467,331,252,240,365
329,460,455,490,698,569,657,630,718,634,432,291,260,530
199,61,237,306,259,359,421,274,246,234,278,236,239,246
205,70,233,308,305,379,373,289,239,240,282,231,232,234
164,75,237,307,277,390,467,363,294,244,267,242,236,267
138,116,253,346,445,448,552,412,392,317,274,269,237,297
271,237,312,451,561,539,626,534,575,481,390,275,242,378
197,82,243,336,328,381,535,364,311,275,283,253,237,288
208,91,232,327,325,360,395,299,230,229,305,241,233,242
304,264,309,448,543,533,625,510,544,448,414,304,243,395
193,153,257,354,451,415,540,349,353,298,306,246,235,296
189,96,242,306,301,400,431,361,292,264,287,259,241,271
397,399,404,517,631,579,643,595,674,600,433,311,245,471
186,96,237,317,281,365,503,320,286,264,280,245,231,257
176,89,240,313,280,422,503,342,247,255,287,256,231,287
100,172,246,337,402,452,551,406,311,291,309,254,239,312
127,132,247,309,319,411,476,370,254,243,261,258,230,317
391,313,405,479,643,558,618,599,680,601,411,315,250,474
131,127,241,339,265,388,518,297,280,267,273,251,232,267
179,128,242,344,333,416,476,319,271,268,282,234,233,252
199,75,232,307,285,397,418,290,248,238,276,245,232,241
184,479,256,434,471,581,684,545,376,333,453,302,248,419
197,58,234,317,248,361,259,211,251,236,276,243,229,256
465,435,435,522,707,613,682,651,733,659,478,289,261,549
161,107,231,289,323,329,440,272,246,243,272,246,229,283
229,114,243,345,303,422,508,351,259,262,305,251,233,283
214,82,245,351,296,402,492,310,260,229,288,249,233,272
163,101,240,310,351,405,508,374,319,260,279,242,230,277
380,378,409,504,645,613,686,604,677,598,469,311,257,484
169,72,229,300,247,342,393,242,235,245,258,244,225,229
142,156,259,330,443,356,408,298,380,296,273,246,234,301
232,565,275,444,526,612,734,585,425,345,499,341,257,489
168,103,233,322,280,329,405,291,250,264,282,241,228,281
185,101,230,309,342,394,494,299,243,246,256,238,232,256
245,126,235,398,299,463,564,371,270,277,314,252,236,274
197,75,234,319,320,369,515,325,249,243,274,242,234,238
292,602,269,589,547,701,804,645,427,358,575,405,271,539
156,195,349,344,606,427,536,543,633,546,284,248,240,404
218,93,238,331,202,395,525,293,249,244,285,243,224,235
403,466,399,529,640,588,673,596,664,586,461,307,255,491
210,77,238,341,270,427,516,337,258,256,303,263,232,263
235,167,263,383,415,493,570,423,415,338,349,255,239,335
357,355,286,443,555,569,658,508,537,435,432,282,238,414
144,85,235,304,344,401,532,327,290,256,274,246,233,262
268,166,244,383,389,472,566,376,319,268,315,253,239,317
249,278,260,419,439,517,605,455,441,355,367,264,232,323
167,160,261,321,430,390,517,410,401,318,295,257,239,282
173,179,252,318,448,376,515,370,384,301,310,235,236,328
228,177,250,422,374,496,551,354,279,269,306,258,236,265
195,267,278,364,445,406,527,397,415,330,317,254,239,315
287,137,238,449,339,519,620,430,300,269,345,258,234,337
418,662,344,536,600,618,714,588,562,488,488,352,256,486
199,161,239,328,282,403,544,319,263,240,300,230,232,265
249,213,243,442,350,484,567,382,298,252,339,274,236,289
148,144,247,323,337,406,512,375,385,302,283,255,235,278
185,85,240,344,284,428,562,271,272,251,283,235,238,248
184,66,236,315,265,369,483,314,284,248,263,263,234,243
202,98,241,326,300,412,514,352,261,255,293,250,238,291
414,178,327,460,589,583,650,549,625,529,419,270,246,448
365,249,438,472,688,587,648,648,732,649,408,269,255,528
308,224,292,415,530,534,614,516,558,471,365,241,240,398
161,205,252,321,410,448,562,401,361,297,315,249,235,328
188,130,241,345,377,454,542,378,289,258,297,247,237,266
134,157,252,286,374,353,365,272,303,267,257,259,234,271
271,294,270,405,446,490,619,452,386,348,382,285,256,365
218,143,246,379,375,385,487,351,332,279,309,266,231,258
233,491,300,488,553,567,654,534,527,438,412,288,249,418
344,226,238,405,316,522,620,458,317,300,374,272,246,379
155,154,242,333,332,458,541,360,308,265,278,238,231,257
129,171,259,331,439,355,434,363,365,285,287,252,233,287
135,59,238,278,322,312,295,283,274,237,262,240,230,284
181,224,249,337,353,404,511,348,324,298,304,248,237,280
514,476,381,524,653,614,691,610,683,600,471,328,249,505
193,73,235,305,305,396,492,301,283,265,276,243,232,272
231,129,239,352,298,438,517,345,268,248,301,250,231,283
218,136,247,354,368,484,575,415,347,296,329,245,243,312
293,310,276,413,515,508,589,465,476,394,366,257,237,356
321,484,326,484,600,546,619,553,609,522,421,276,241,436
341,215,275,431,484,520,570,482,494,399,388,276,240,347
181,475,467,445,717,532,618,650,748,670,366,312,262,540
257,432,339,512,591,584,670,530,553,474,438,318,245,433
447,298,366,471,626,582,668,591,657,572,431,278,243,465
191,73,233,291,264,385,459,292,259,259,272,232,235,266
165,119,238,319,325,410,513,298,263,249,289,261,240,269
314,452,397,540,649,599,657,580,657,581,469,295,258,469
202,314,473,392,742,529,587,633,742,667,340,249,253,538
297,307,359,509,609,584,637,547,618,543,430,290,245,422
197,71,232,313,270,348,434,302,247,252,259,241,230,295
198,123,241,331,253,405,424,268,277,246,311,231,238,241
160,78,245,333,308,413,462,325,267,260,286,246,231,264
218,72,248,316,336,389,527,330,340,297,290,256,234,276
188,122,247,328,389,431,514,360,350,286,300,243,233,289
199,84,238,319,351,372,517,347,275,258,273,258,242,317
257,117,246,342,409,444,526,349,376,284,329,262,234,304
188,180,248,415,341,439,567,381,333,302,318,265,238,288
417,393,411,527,669,594,665,630,695,612,448,295,252,488
181,94,231,311,319,394,364,308,260,231,273,243,238,242
134,192,248,338,367,440,519,403,343,286,303,245,231,309
446,357,350,493,626,593,667,579,628,548,438,293,253,473
199,163,250,364,356,473,556,373,339,301,324,258,234,313
201,103,240,329,336,403,443,258,252,263,278,250,232,274
201,251,256,382,418,483,567,394,377,328,348,255,238,305
312,223,248,426,415,508,597,400,339,280,360,267,236,329
150,93,238,306,321,336,462,307,261,257,269,243,232,280
354,251,360,498,642,577,657,583,656,566,440,298,244,452
189,96,238,313,276,415,493,248,256,239,284,243,232,244
239,145,253,408,374,485,545,400,331,282,349,260,233,312
201,120,230,347,267,440,458,335,269,244,316,255,243,240
332,231,263,445,452,539,634,461,419,350,402,272,239,366
193,153,249,356,321,455,537,324,323,291,295,250,237,271
277,545,267,449,419,579,703,528,408,333,460,310,241,416
242,433,345,476,584,536,632,535,588,507,388,298,244,440
188,137,233,352,287,402,485,322,261,244,297,235,227,267
